ask,bid,change,contract_name,expiration,implied_volatility,last_trade,open_interest,perc_change,strike,volume
0.00,150.85,0.00,,"June 18, 2021",0,2020-08-03 3:35PM EDT,3,,,
0.00,102.00,0.00,,"June 18, 2021",6,2020-07-09 4:58PM EDT,1,,,
140.30,138.75,142.40,,"June 18, 2021",16,2020-07-07 11:16AM EDT,2,,,
0.00,133.43,0.00,,"June 18, 2021",0,2020-08-05 1:16PM EDT,2,,,
0.00,117.60,0.00,,"June 18, 2021",0,2020-07-28 3:34PM EDT,4,,,
0.00,111.50,0.00,,"June 18, 2021",0,2020-07-24 3:25PM EDT,1,,,
108.30,102.90,109.35,,"June 18, 2021",797,2020-06-29 11:33AM EDT,2,,,
0.00,113.65,0.00,,"June 18, 2021",0,2020-08-07 11:58AM EDT,1,,,
0.00,106.03,0.00,,"June 18, 2021",0,2020-08-04 11:40AM EDT,23,,,
0.00,54.55,0.00,,"July 16, 2021",-,2020-08-07 3:59PM EDT,1,,,
0.00,47.35,0.00,,"August 14, 2020",0,2020-08-07 3:59PM EDT,2,,,
0.00,103.98,0.00,,"June 18, 2021",0,2020-08-05 11:41AM EDT,1,,,
101.45,101.00,103.50,,"June 18, 2021",376,2020-07-07 11:07AM EDT,5,,,
0.00,92.92,0.00,,"June 18, 2021",0,2020-08-07 1:23PM EDT,2,,,
0.00,90.00,0.00,,"June 18, 2021",0,2020-08-07 3:48PM EDT,5,,,
0.00,29.65,0.00,,"July 16, 2021",-,2020-08-07 2:58PM EDT,1,,,
0.00,28.30,0.00,,"July 16, 2021",-,2020-08-07 12:46PM EDT,8,,,
0.00,25.50,0.00,,"July 16, 2021",-,2020-08-07 1:41PM EDT,2,,,
0.00,21.25,0.00,,"July 16, 2021",-,2020-08-07 2:30PM EDT,10,,,
0.00,18.05,0.00,,"July 16, 2021",-,2020-08-07 3:57PM EDT,"11,014",,,
0.00,10.50,0.00,,"July 16, 2021",-,2020-08-07 10:20AM EDT,1,,,
0.00,45.00,0.00,,"August 14, 2020",0,2020-08-06 2:10PM EDT,2,,,
0.00,38.37,0.00,,"August 14, 2020",0,2020-08-07 12:24PM EDT,13,,,
0.00,35.26,0.00,,"August 14, 2020",0,2020-08-07 12:59PM EDT,34,,,
0.00,31.90,0.00,,"August 14, 2020",0,2020-08-07 3:00PM EDT,5,,,
0.00,21.76,0.00,,"August 14, 2020",0,2020-07-31 3:52PM EDT,1,,,
0.00,26.40,0.00,,"August 14, 2020",0,2020-08-07 2:47PM EDT,24,,,
0.00,25.50,0.00,,"August 14, 2020",0,2020-08-07 12:07PM EDT,1,,,
0.00,88.10,0.00,,"June 18, 2021",0,2020-08-06 3:52PM EDT,1,,,
0.00,69.12,0.00,,"June 18, 2021",0,2020-07-31 1:25PM EDT,5,,,
0.00,78.00,0.00,,"June 18, 2021",0,2020-08-07 11:40AM EDT,4,,,
0.00,73.65,0.00,,"June 18, 2021",0,2020-08-03 3:14PM EDT,6,,,
0.00,69.25,0.00,,"June 18, 2021",0,2020-08-07 10:24AM EDT,1,,,
0.00,65.20,0.00,,"June 18, 2021",0,2020-08-07 11:27AM EDT,2,,,
0.00,59.70,0.00,,"June 18, 2021",0,2020-08-07 3:37PM EDT,2,,,
0.00,56.30,0.00,,"June 18, 2021",0,2020-08-07 3:31PM EDT,11,,,
0.00,112.10,0.00,,"September 17, 2021",0,2020-08-04 2:52PM EDT,2,,,
0.00,7.90,0.00,,"July 16, 2021",-,2020-08-07 12:10PM EDT,1,,,
0.00,4.15,0.00,,"July 16, 2021",-,2020-08-07 2:54PM EDT,2,,,
0.00,11.90,0.00,,"July 16, 2021",-,2020-08-07 12:00PM EDT,15,,,
0.00,13.25,0.00,,"July 16, 2021",-,2020-08-07 11:59AM EDT,28,,,
0.00,14.70,0.00,,"July 16, 2021",-,2020-08-07 11:39AM EDT,72,,,
0.00,16.45,0.00,,"July 16, 2021",-,2020-08-07 11:38AM EDT,146,,,
0.00,126.09,0.00,,"March 18, 2022",0,2020-07-23 12:35PM EDT,2,,,
0.00,22.60,0.00,,"August 14, 2020",0,2020-08-07 3:53PM EDT,70,,,
0.00,20.25,0.00,,"August 14, 2020",0,2020-08-07 3:50PM EDT,7,,,
0.00,17.25,0.00,,"August 14, 2020",0,2020-08-07 3:20PM EDT,4,,,
0.00,15.00,0.00,,"August 14, 2020",0,2020-08-07 3:37PM EDT,34,,,
0.00,12.85,0.00,,"August 14, 2020",0,2020-08-07 3:55PM EDT,219,,,
0.00,53.05,0.00,,"June 18, 2021",0,2020-08-07 3:50PM EDT,2,,,
0.00,49.50,0.00,,"June 18, 2021",0,2020-08-05 2:26PM EDT,2,,,
0.00,45.00,0.00,,"June 18, 2021",0,2020-08-07 1:13PM EDT,22,,,
0.00,42.79,0.00,,"June 18, 2021",0,2020-08-07 12:11PM EDT,3,,,
0.00,39.54,0.00,,"June 18, 2021",0,2020-08-07 3:42PM EDT,12,,,
0.00,134.51,0.00,,"June 17, 2022",0,2020-08-04 9:30AM EDT,2,,,
0.00,106.40,0.00,,"September 17, 2021",0,2020-07-22 1:02PM EDT,1,,,
0.00,94.83,0.00,,"September 17, 2021",0,2020-07-29 12:34PM EDT,2,,,
0.00,47.39,0.00,,"September 17, 2021",1,2020-07-09 4:58PM EDT,2,,,
0.00,94.90,0.00,,"September 17, 2021",0,2020-08-07 1:16PM EDT,1,,,
80.00,84.87,85.00,,"September 17, 2021",5,2020-07-02 3:09PM EDT,2,,,
0.00,133.88,0.00,,"January 21, 2022",0,2020-07-31 3:15PM EDT,5,,,
0.00,97.00,0.00,,"March 18, 2022",2,2020-07-09 4:58PM EDT,1,,,
0.00,89.99,0.00,,"March 18, 2022",8,2020-07-09 4:58PM EDT,10,,,
0.00,113.44,0.00,,"March 18, 2022",0,2020-08-03 10:18AM EDT,1,,,
0.00,83.80,0.00,,"March 18, 2022",67,2020-07-09 4:58PM EDT,1,,,
98.30,81.75,102.30,,"March 18, 2022",3,2020-06-15 12:42PM EDT,2,,,
0.00,10.60,0.00,,"August 14, 2020",0,2020-08-07 3:56PM EDT,271,,,
0.00,8.30,0.00,,"August 14, 2020",0,2020-08-07 3:59PM EDT,619,,,
0.00,6.34,0.00,,"August 14, 2020",0,2020-08-07 3:58PM EDT,621,,,
0.00,4.80,0.00,,"August 14, 2020",0,2020-08-07 3:59PM EDT,"5,541",,,
0.00,3.30,0.00,,"August 14, 2020",0,2020-08-07 3:59PM EDT,"12,007",,,
0.00,2.28,0.00,,"August 14, 2020",0,2020-08-07 3:59PM EDT,"14,589",,,
0.00,132.47,0.00,,"September 16, 2022",0,2020-08-06 9:46AM EDT,1,,,
0.00,36.00,0.00,,"June 18, 2021",0,2020-08-07 2:10PM EDT,6,,,
0.00,34.20,0.00,,"June 18, 2021",0,2020-08-07 3:50PM EDT,51,,,
0.00,28.30,0.00,,"June 18, 2021",0,2020-08-07 3:51PM EDT,49,,,
0.00,24.15,0.00,,"June 18, 2021",0,2020-08-07 3:55PM EDT,147,,,
0.00,104.29,0.00,,"June 17, 2022",3,2020-07-09 4:58PM EDT,3,,,
0.00,78.12,0.00,,"June 17, 2022",5,2020-07-09 4:58PM EDT,1,,,
118.90,116.00,122.40,,"June 17, 2022",14,2020-07-08 11:32AM EDT,2,,,
0.00,112.65,0.00,,"June 17, 2022",0,2020-08-04 2:53PM EDT,2,,,
0.00,85.60,0.00,,"September 17, 2021",0,2020-08-07 2:15PM EDT,1,,,
0.00,82.01,0.00,,"September 17, 2021",0,2020-08-05 3:14PM EDT,11,,,
0.00,68.40,0.00,,"September 17, 2021",0,2020-07-31 3:48PM EDT,7,,,
0.00,75.85,0.00,,"September 17, 2021",0,2020-07-13 12:04PM EDT,4,,,
0.00,138.50,0.00,,"January 21, 2022",0,2020-08-05 10:31AM EDT,1,,,
0.00,123.50,0.00,,"January 21, 2022",0,2020-07-27 1:51PM EDT,1,,,
126.65,128.61,129.25,,"January 21, 2022",153,2020-07-09 3:33PM EDT,4,,,
0.00,121.68,0.00,,"January 21, 2022",0,2020-08-04 2:37PM EDT,15,,,
0.00,110.00,0.00,,"January 21, 2022",0,2020-07-16 10:29AM EDT,4,,,
98.50,101.51,102.65,,"March 18, 2022",25,2020-07-09 2:58PM EDT,21,,,
0.00,79.97,0.00,,"March 18, 2022",6,2020-07-09 4:58PM EDT,5,,,
0.00,62.28,0.00,,"March 18, 2022",8,2020-07-09 4:58PM EDT,3,,,
88.90,88.65,92.90,,"March 18, 2022",19,2020-07-07 11:32AM EDT,1,,,
71.30,70.70,76.00,,"March 18, 2022",23,2020-06-24 11:25AM EDT,1,,,
0.00,78.93,0.00,,"March 18, 2022",0,2020-08-03 11:19AM EDT,1,,,
0.00,1.51,0.00,,"August 14, 2020",0,2020-08-07 3:59PM EDT,"5,991",,,
0.00,1.02,0.00,,"August 14, 2020",0,2020-08-07 3:59PM EDT,"11,651",,,
0.00,0.72,0.00,,"August 14, 2020",0,2020-08-07 3:59PM EDT,"3,224",,,
0.00,0.50,0.00,,"August 14, 2020",0,2020-08-07 3:59PM EDT,"4,794",,,
0.00,0.38,0.00,,"August 14, 2020",0,2020-08-07 3:58PM EDT,"1,757",,,
0.00,0.31,0.00,,"August 14, 2020",0,2020-08-07 3:59PM EDT,"2,684",,,
0.00,126.20,0.00,,"September 16, 2022",0,2020-08-04 12:13PM EDT,1,,,
0.00,125.85,0.00,,"September 16, 2022",0,2020-08-03 1:13PM EDT,1,,,
0.00,123.05,0.00,,"September 16, 2022",0,2020-08-07 10:34AM EDT,1,,,
0.00,114.35,0.00,,"September 16, 2022",0,2020-08-07 3:13PM EDT,2,,,
0.00,109.40,0.00,,"September 16, 2022",0,2020-08-04 10:40AM EDT,1,,,
0.00,108.00,0.00,,"September 16, 2022",0,2020-08-07 10:36AM EDT,1,,,
0.00,20.00,0.00,,"June 18, 2021",0,2020-08-07 3:59PM EDT,311,,,
0.00,16.70,0.00,,"June 18, 2021",0,2020-08-07 3:51PM EDT,149,,,
0.00,13.80,0.00,,"June 18, 2021",0,2020-08-07 3:47PM EDT,58,,,
0.00,11.15,0.00,,"June 18, 2021",0,2020-08-07 3:08PM EDT,22,,,
0.00,9.24,0.00,,"June 18, 2021",0,2020-08-07 3:44PM EDT,161,,,
0.00,7.70,0.00,,"June 18, 2021",0,2020-08-07 3:53PM EDT,67,,,
0.00,108.65,0.00,,"June 17, 2022",0,2020-07-22 3:47PM EDT,1,,,
0.00,99.75,0.00,,"June 17, 2022",0,2020-07-14 2:51PM EDT,1,,,
0.00,100.90,0.00,,"June 17, 2022",0,2020-08-06 11:50AM EDT,1,,,
84.50,81.89,88.25,,"June 17, 2022",29,2020-06-24 12:11PM EDT,3,,,
0.00,87.19,0.00,,"June 17, 2022",0,2020-07-20 10:41AM EDT,2,,,
0.00,88.02,0.00,,"June 17, 2022",0,2020-08-04 3:47PM EDT,2,,,
0.00,59.02,0.00,,"September 17, 2021",0,2020-07-24 12:23PM EDT,1,,,
0.00,63.98,0.00,,"September 17, 2021",0,2020-08-04 2:33PM EDT,2,,,
0.00,62.95,0.00,,"September 17, 2021",0,2020-08-07 11:55AM EDT,50,,,
0.00,59.19,0.00,,"September 17, 2021",0,2020-08-07 12:26PM EDT,1,,,
0.00,57.15,0.00,,"September 17, 2021",0,2020-08-07 9:52AM EDT,1,,,
0.00,114.50,0.00,,"January 21, 2022",0,2020-08-07 12:22PM EDT,6,,,
0.00,111.30,0.00,,"January 21, 2022",0,2020-08-06 2:59PM EDT,3,,,
0.00,105.98,0.00,,"January 21, 2022",0,2020-08-03 3:15PM EDT,2,,,
74.00,73.40,77.70,,"March 18, 2022",16,2020-07-06 1:29PM EDT,1,,,
0.00,74.75,0.00,,"March 18, 2022",0,2020-08-06 3:05PM EDT,4,,,
0.00,0.25,0.00,,"August 14, 2020",0,2020-08-07 3:59PM EDT,"1,098",,,
0.00,0.21,0.00,,"August 14, 2020",0,2020-08-07 3:58PM EDT,"1,387",,,
0.00,101.14,0.00,,"September 16, 2022",0,2020-08-03 9:58AM EDT,3,,,
0.00,6.25,0.00,,"June 18, 2021",0,2020-08-07 9:58AM EDT,1,,,
0.00,5.20,0.00,,"June 18, 2021",0,2020-08-07 3:59PM EDT,9,,,
0.00,87.60,0.00,,"June 17, 2022",0,2020-08-06 3:40PM EDT,2,,,
0.00,51.57,0.00,,"September 17, 2021",0,2020-08-06 11:59AM EDT,3,,,
0.00,47.15,0.00,,"September 17, 2021",0,2020-08-04 3:18PM EDT,118,,,
0.00,100.43,0.00,,"January 21, 2022",0,2020-08-05 1:45PM EDT,1,,,
0.00,96.00,0.00,,"January 21, 2022",0,2020-08-07 3:46PM EDT,3,,,
0.00,64.50,0.00,,"March 18, 2022",0,2020-07-23 9:34AM EDT,1,,,
0.00,64.00,0.00,,"March 18, 2022",0,2020-08-03 10:37AM EDT,3,,,
0.00,0.18,0.00,,"August 14, 2020",0,2020-08-07 3:56PM EDT,43,,,
0.00,0.17,0.00,,"August 14, 2020",0,2020-08-07 3:59PM EDT,503,,,
0.00,96.00,0.00,,"September 16, 2022",0,2020-08-07 2:36PM EDT,7,,,
0.00,96.50,0.00,,"September 16, 2022",0,2020-08-06 3:47PM EDT,4,,,
0.00,4.03,0.00,,"June 18, 2021",0,2020-08-07 12:03PM EDT,3,,,
0.00,3.60,0.00,,"June 18, 2021",0,2020-08-07 3:50PM EDT,152,,,
0.00,70.85,0.00,,"June 17, 2022",0,2020-07-31 11:20AM EDT,1,,,
0.00,45.35,0.00,,"September 17, 2021",0,2020-08-06 11:41AM EDT,1,,,
0.00,42.00,0.00,,"September 17, 2021",0,2020-08-05 2:59PM EDT,1,,,
0.00,40.40,0.00,,"September 17, 2021",0,2020-08-07 9:43AM EDT,1,,,
0.00,92.10,0.00,,"January 21, 2022",0,2020-08-06 10:23AM EDT,2,,,
0.00,87.30,0.00,,"January 21, 2022",0,2020-08-05 11:39AM EDT,1,,,
0.00,52.42,0.00,,"March 18, 2022",0,2020-07-27 1:03PM EDT,1,,,
0.00,60.00,0.00,,"March 18, 2022",0,2020-08-07 11:18AM EDT,10,,,
0.00,57.10,0.00,,"March 18, 2022",0,2020-08-03 2:38PM EDT,1,,,
0.00,54.52,0.00,,"March 18, 2022",0,2020-08-03 3:54PM EDT,7,,,
0.00,0.14,0.00,,"August 14, 2020",0,2020-08-07 3:55PM EDT,215,,,
0.00,0.10,0.00,,"August 14, 2020",0,2020-08-07 3:59PM EDT,"1,678",,,
0.00,0.08,0.00,,"August 14, 2020",0,2020-08-07 3:59PM EDT,502,,,
0.00,90.00,0.00,,"September 16, 2022",0,2020-08-07 1:00PM EDT,7,,,
0.00,85.80,0.00,,"September 16, 2022",0,2020-08-07 1:09PM EDT,17,,,
0.00,82.50,0.00,,"September 16, 2022",0,2020-08-05 2:32PM EDT,4,,,
0.00,77.12,0.00,,"September 16, 2022",0,2020-08-04 10:37AM EDT,5,,,
0.00,0.27,0.00,,"June 18, 2021",0,2020-08-05 9:54AM EDT,2,,,
0.00,0.36,0.00,,"June 18, 2021",0,2020-08-06 2:09PM EDT,2,,,
0.00,67.80,0.00,,"June 17, 2022",0,2020-07-27 1:23PM EDT,2,,,
0.00,75.55,0.00,,"June 17, 2022",0,2020-08-07 10:52AM EDT,2,,,
0.00,71.97,0.00,,"June 17, 2022",0,2020-08-07 10:51AM EDT,2,,,
0.00,36.50,0.00,,"September 17, 2021",0,2020-08-07 2:15PM EDT,26,,,
0.00,31.50,0.00,,"September 17, 2021",0,2020-08-07 3:29PM EDT,31,,,
0.00,26.85,0.00,,"September 17, 2021",0,2020-08-07 2:44PM EDT,29,,,
0.00,85.00,0.00,,"January 21, 2022",0,2020-08-06 1:51PM EDT,6,,,
0.00,79.50,0.00,,"January 21, 2022",0,2020-08-07 12:08PM EDT,2,,,
0.00,50.65,0.00,,"March 18, 2022",0,2020-08-07 10:12AM EDT,1,,,
0.00,46.77,0.00,,"March 18, 2022",0,2020-08-06 10:23AM EDT,2,,,
0.00,44.50,0.00,,"March 18, 2022",0,2020-08-06 11:23AM EDT,3,,,
0.00,41.60,0.00,,"March 18, 2022",0,2020-08-07 12:40PM EDT,4,,,
0.00,36.87,0.00,,"March 18, 2022",0,2020-08-07 3:35PM EDT,43,,,
0.00,0.07,0.00,,"August 14, 2020",0,2020-08-07 3:29PM EDT,427,,,
0.00,0.04,0.00,,"August 14, 2020",0,2020-08-07 3:46PM EDT,298,,,
0.00,0.05,0.00,,"August 14, 2020",0,2020-08-07 3:27PM EDT,253,,,
0.00,0.04,0.00,,"August 14, 2020",0,2020-08-07 3:44PM EDT,180,,,
0.00,0.05,0.00,,"August 14, 2020",0,2020-08-07 2:44PM EDT,27,,,
0.00,75.10,0.00,,"September 16, 2022",0,2020-08-07 2:22PM EDT,2,,,
0.00,73.40,0.00,,"September 16, 2022",0,2020-08-06 3:11PM EDT,4,,,
0.00,69.80,0.00,,"September 16, 2022",0,2020-08-06 10:56AM EDT,2,,,
0.00,64.65,0.00,,"September 16, 2022",0,2020-08-07 1:23PM EDT,1,,,
0.00,0.85,0.00,,"June 18, 2021",604,2020-07-09 4:58PM EDT,1,,,
0.00,0.48,0.00,,"June 18, 2021",0,2020-07-27 3:03PM EDT,2,,,
0.00,0.60,0.00,,"June 18, 2021",0,2020-07-22 10:47AM EDT,3,,,
0.00,0.85,0.00,,"June 18, 2021",0,2020-07-24 10:37AM EDT,50,,,
0.00,0.97,0.00,,"June 18, 2021",0,2020-08-07 9:30AM EDT,3,,,
0.00,0.95,0.00,,"June 18, 2021",0,2020-08-03 9:30AM EDT,2,,,
0.00,1.43,0.00,,"June 18, 2021",0,2020-08-07 9:30AM EDT,3,,,
0.00,1.95,0.00,,"June 18, 2021",0,2020-08-07 2:22PM EDT,50,,,
0.00,59.25,0.00,,"June 17, 2022",0,2020-07-28 1:24PM EDT,4,,,
0.00,62.25,0.00,,"June 17, 2022",0,2020-08-03 11:17AM EDT,2,,,
0.00,60.60,0.00,,"June 17, 2022",0,2020-08-05 2:13PM EDT,6,,,
0.00,56.60,0.00,,"June 17, 2022",0,2020-08-05 3:50PM EDT,14,,,
0.00,54.90,0.00,,"June 17, 2022",0,2020-08-07 3:51PM EDT,13,,,
0.00,52.00,0.00,,"June 17, 2022",0,2020-08-03 2:23PM EDT,7,,,
0.00,23.01,0.00,,"September 17, 2021",0,2020-08-07 3:35PM EDT,9,,,
0.00,19.80,0.00,,"September 17, 2021",0,2020-08-07 1:36PM EDT,54,,,
0.00,16.50,0.00,,"September 17, 2021",0,2020-08-07 1:29PM EDT,2,,,
0.00,14.10,0.00,,"September 17, 2021",0,2020-08-07 3:57PM EDT,56,,,
0.00,11.51,0.00,,"September 17, 2021",0,2020-08-07 11:55AM EDT,70,,,
0.00,9.65,0.00,,"September 17, 2021",0,2020-08-07 11:57AM EDT,1,,,
0.00,76.71,0.00,,"January 21, 2022",0,2020-08-07 10:21AM EDT,1,,,
0.00,71.00,0.00,,"January 21, 2022",0,2020-08-07 1:24PM EDT,3,,,
0.00,68.90,0.00,,"January 21, 2022",0,2020-08-07 10:10AM EDT,1,,,
0.00,65.10,0.00,,"January 21, 2022",0,2020-08-07 3:39PM EDT,15,,,
0.00,61.65,0.00,,"January 21, 2022",0,2020-08-07 3:49PM EDT,42,,,
0.00,57.60,0.00,,"January 21, 2022",0,2020-08-07 1:48PM EDT,22,,,
0.00,32.40,0.00,,"March 18, 2022",0,2020-08-07 1:17PM EDT,6,,,
0.00,28.95,0.00,,"March 18, 2022",0,2020-08-07 10:14AM EDT,1,,,
0.00,25.45,0.00,,"March 18, 2022",0,2020-08-07 3:47PM EDT,1,,,
0.00,22.00,0.00,,"March 18, 2022",0,2020-08-07 10:46AM EDT,2,,,
0.00,19.50,0.00,,"March 18, 2022",0,2020-08-06 3:26PM EDT,2,,,
0.00,0.03,0.00,,"August 14, 2020",0,2020-08-07 12:00PM EDT,25,,,
0.00,0.03,0.00,,"August 14, 2020",0,2020-08-07 3:47PM EDT,928,,,
0.00,0.02,0.00,,"August 14, 2020",0,2020-08-07 3:29PM EDT,114,,,
0.00,0.02,0.00,,"August 14, 2020",0,2020-08-07 3:53PM EDT,226,,,
0.00,62.40,0.00,,"September 16, 2022",0,2020-08-07 1:47PM EDT,1,,,
0.00,60.00,0.00,,"September 16, 2022",0,2020-08-07 12:00PM EDT,24,,,
0.00,56.10,0.00,,"September 16, 2022",0,2020-08-07 2:19PM EDT,8,,,
0.00,54.00,0.00,,"September 16, 2022",0,2020-08-07 1:59PM EDT,2,,,
0.00,50.85,0.00,,"September 16, 2022",0,2020-08-07 1:25PM EDT,7,,,
0.00,2.10,0.00,,"June 18, 2021",0,2020-08-06 9:42AM EDT,5,,,
0.00,2.80,0.00,,"June 18, 2021",0,2020-08-07 2:23PM EDT,3,,,
0.00,3.00,0.00,,"June 18, 2021",0,2020-08-06 9:41AM EDT,2,,,
0.00,3.45,0.00,,"June 18, 2021",0,2020-08-06 10:53AM EDT,3,,,
0.00,4.45,0.00,,"June 18, 2021",0,2020-08-07 3:50PM EDT,103,,,
0.00,5.00,0.00,,"June 18, 2021",0,2020-08-07 12:55PM EDT,5,,,
135.75,138.00,137.15,,"March 19, 2021",4,2020-06-24 9:37AM EDT,2,,,
0.00,49.34,0.00,,"June 17, 2022",0,2020-08-07 11:55AM EDT,2,,,
0.00,46.70,0.00,,"June 17, 2022",0,2020-08-07 12:03PM EDT,1,,,
0.00,43.45,0.00,,"June 17, 2022",0,2020-08-07 2:32PM EDT,7,,,
0.00,38.70,0.00,,"June 17, 2022",0,2020-08-07 3:43PM EDT,17,,,
0.00,34.35,0.00,,"June 17, 2022",0,2020-08-07 3:43PM EDT,9,,,
0.00,30.95,0.00,,"June 17, 2022",0,2020-08-07 12:25PM EDT,2,,,
0.00,8.38,0.00,,"September 17, 2021",0,2020-08-07 3:07PM EDT,4,,,
0.00,7.00,0.00,,"September 17, 2021",0,2020-08-07 1:51PM EDT,5,,,
0.00,6.10,0.00,,"September 17, 2021",0,2020-08-07 3:47PM EDT,6,,,
0.00,5.05,0.00,,"September 17, 2021",0,2020-08-07 2:22PM EDT,5,,,
0.00,1.40,0.00,,"September 17, 2021",0,2020-08-03 1:00PM EDT,7,,,
0.00,1.61,0.00,,"September 17, 2021",0,2020-08-03 11:57AM EDT,4,,,
0.00,29.25,0.00,,"February 19, 2021",-,2020-08-07 3:04PM EDT,6,,,
0.00,56.23,0.00,,"January 21, 2022",0,2020-08-06 2:33PM EDT,1,,,
0.00,51.91,0.00,,"January 21, 2022",0,2020-08-07 3:48PM EDT,11,,,
0.00,48.30,0.00,,"January 21, 2022",0,2020-08-07 1:27PM EDT,3,,,
0.00,45.50,0.00,,"January 21, 2022",0,2020-08-07 3:13PM EDT,8,,,
0.00,16.20,0.00,,"March 18, 2022",0,2020-08-07 12:04PM EDT,1,,,
0.00,14.45,0.00,,"March 18, 2022",0,2020-08-07 2:28PM EDT,2,,,
0.00,10.97,0.00,,"March 18, 2022",0,2020-08-07 10:44AM EDT,1,,,
0.00,9.55,0.00,,"March 18, 2022",0,2020-08-07 9:57AM EDT,2,,,
0.00,7.89,0.00,,"March 18, 2022",0,2020-08-06 11:52AM EDT,-,,,
0.00,0.03,0.00,,"August 14, 2020",0,2020-08-07 3:19PM EDT,48,,,
0.00,0.03,0.00,,"August 14, 2020",0,2020-08-07 3:51PM EDT,24,,,
0.00,0.05,0.00,,"August 14, 2020",0,2020-08-07 3:58PM EDT,151,,,
0.00,0.08,0.00,,"August 14, 2020",0,2020-08-07 3:59PM EDT,5,,,
0.00,48.79,0.00,,"September 16, 2022",0,2020-08-07 12:11PM EDT,1,,,
0.00,46.00,0.00,,"September 16, 2022",0,2020-08-07 2:32PM EDT,183,,,
0.00,42.40,0.00,,"September 16, 2022",0,2020-08-07 3:54PM EDT,74,,,
0.00,38.00,0.00,,"September 16, 2022",0,2020-08-07 3:36PM EDT,50,,,
0.00,5.35,0.00,,"June 18, 2021",0,2020-08-04 3:30PM EDT,150,,,
0.00,6.90,0.00,,"June 18, 2021",0,2020-08-07 3:58PM EDT,3,,,
0.00,7.95,0.00,,"June 18, 2021",0,2020-08-07 3:59PM EDT,9,,,
0.00,9.05,0.00,,"June 18, 2021",0,2020-08-07 3:55PM EDT,166,,,
0.00,10.25,0.00,,"June 18, 2021",0,2020-08-07 3:47PM EDT,50,,,
0.00,11.61,0.00,,"June 18, 2021",0,2020-08-07 3:55PM EDT,20,,,
0.00,114.89,0.00,,"March 19, 2021",3,2020-07-09 4:58PM EDT,4,,,
0.00,71.30,0.00,,"March 19, 2021",0,2020-07-09 4:58PM EDT,116,,,
0.00,98.00,0.00,,"March 19, 2021",1,2020-07-09 4:58PM EDT,1,,,
0.00,86.70,0.00,,"March 19, 2021",21,2020-07-09 4:58PM EDT,1,,,
0.00,93.74,0.00,,"March 19, 2021",431,2020-07-09 4:58PM EDT,1,,,
0.00,133.60,0.00,,"December 18, 2020",0,2020-07-13 10:49AM EDT,1,,,
0.00,28.15,0.00,,"June 17, 2022",0,2020-08-07 3:59PM EDT,3,,,
0.00,23.10,0.00,,"June 17, 2022",0,2020-08-07 2:25PM EDT,3,,,
0.00,2.30,0.00,,"September 17, 2021",0,2020-07-28 1:59PM EDT,1,,,
2.43,2.80,3.80,,"September 17, 2021",93,2020-07-02 3:50PM EDT,2,,,
0.00,105.60,0.00,,"October 16, 2020",1,2020-07-09 4:57PM EDT,5,,,
0.00,26.90,0.00,,"February 19, 2021",-,2020-08-07 11:56AM EDT,1,,,
0.00,24.10,0.00,,"February 19, 2021",-,2020-08-07 3:50PM EDT,2,,,
0.00,21.35,0.00,,"February 19, 2021",-,2020-08-07 3:04PM EDT,28,,,
0.00,43.70,0.00,,"January 21, 2022",0,2020-08-07 10:50AM EDT,4,,,
0.00,40.70,0.00,,"January 21, 2022",0,2020-08-07 3:56PM EDT,34,,,
0.00,35.90,0.00,,"January 21, 2022",0,2020-08-07 3:57PM EDT,195,,,
0.00,31.35,0.00,,"January 21, 2022",0,2020-08-07 3:55PM EDT,197,,,
0.00,87.22,0.00,,"November 20, 2020",0,2020-08-03 2:40PM EDT,3,,,
0.00,23.00,0.00,,"September 25, 2020",0,2020-08-07 1:05PM EDT,1,,,
0.00,1.53,0.00,,"March 18, 2022",0,2020-08-07 2:22PM EDT,873,,,
0.00,1.68,0.00,,"March 18, 2022",0,2020-08-07 10:10AM EDT,128,,,
0.00,2.02,0.00,,"March 18, 2022",0,2020-08-07 10:13AM EDT,94,,,
0.93,3.17,4.55,,"March 18, 2022",65,2020-06-16 3:36PM EDT,10,,,
0.00,2.97,0.00,,"March 18, 2022",0,2020-07-28 3:18PM EDT,1,,,
0.00,0.08,0.00,,"August 14, 2020",0,2020-08-07 3:48PM EDT,103,,,
0.00,0.10,0.00,,"August 14, 2020",0,2020-08-07 3:59PM EDT,185,,,
0.00,0.10,0.00,,"August 14, 2020",0,2020-08-07 3:57PM EDT,142,,,
0.00,0.11,0.00,,"August 14, 2020",0,2020-08-07 3:56PM EDT,406,,,
0.00,0.15,0.00,,"August 14, 2020",0,2020-08-07 3:58PM EDT,255,,,
0.00,0.19,0.00,,"August 14, 2020",0,2020-08-07 3:59PM EDT,443,,,
0.00,0.26,0.00,,"August 14, 2020",0,2020-08-07 3:59PM EDT,548,,,
0.00,0.32,0.00,,"August 14, 2020",0,2020-08-07 3:59PM EDT,901,,,
0.00,34.00,0.00,,"September 16, 2022",0,2020-08-07 3:25PM EDT,11,,,
0.00,30.46,0.00,,"September 16, 2022",0,2020-08-07 3:02PM EDT,5,,,
0.00,26.10,0.00,,"September 16, 2022",0,2020-08-07 3:57PM EDT,47,,,
0.00,24.00,0.00,,"September 16, 2022",0,2020-08-07 1:28PM EDT,13,,,
0.00,21.70,0.00,,"September 16, 2022",0,2020-08-07 2:00PM EDT,13,,,
0.00,19.35,0.00,,"September 16, 2022",0,2020-08-07 2:44PM EDT,12,,,
0.00,17.10,0.00,,"September 16, 2022",0,2020-08-07 2:02PM EDT,4,,,
0.00,15.66,0.00,,"September 16, 2022",0,2020-08-07 3:25PM EDT,32,,,
0.00,12.15,0.00,,"June 18, 2021",0,2020-08-06 10:24AM EDT,91,,,
0.00,14.65,0.00,,"June 18, 2021",0,2020-08-07 3:50PM EDT,2,,,
0.00,16.50,0.00,,"June 18, 2021",0,2020-08-07 1:19PM EDT,10,,,
0.00,17.45,0.00,,"June 18, 2021",0,2020-08-07 12:22PM EDT,88,,,
0.00,18.89,0.00,,"June 18, 2021",0,2020-08-05 9:33AM EDT,30,,,
0.00,23.00,0.00,,"June 18, 2021",0,2020-08-07 1:59PM EDT,17,,,
0.00,27.35,0.00,,"June 18, 2021",0,2020-08-07 3:40PM EDT,88,,,
0.00,95.92,0.00,,"March 19, 2021",607,2020-07-09 4:58PM EDT,2,,,
0.00,105.10,0.00,,"March 19, 2021",0,2020-07-20 9:30AM EDT,1,,,
0.00,105.83,0.00,,"March 19, 2021",0,2020-08-04 11:40AM EDT,23,,,
0.00,101.03,0.00,,"March 19, 2021",0,2020-08-04 11:41AM EDT,2,,,
0.00,92.20,0.00,,"March 19, 2021",0,2020-07-14 9:30AM EDT,10,,,
0.00,83.05,0.00,,"March 19, 2021",0,2020-07-27 12:42PM EDT,2,,,
0.00,126.13,0.00,,"December 18, 2020",0,2020-07-22 3:39PM EDT,1,,,
110.80,108.12,112.15,,"December 18, 2020",25,2020-06-24 12:22PM EDT,5,,,
0.00,77.00,0.00,,"December 18, 2020",2,2020-07-09 4:57PM EDT,1,,,
0.00,114.40,0.00,,"December 18, 2020",0,2020-08-07 11:31AM EDT,1,,,
0.00,70.54,0.00,,"December 18, 2020",11,2020-07-09 4:57PM EDT,4,,,
0.00,104.09,0.00,,"December 18, 2020",0,2020-08-03 1:05PM EDT,1,,,
0.00,98.83,0.00,,"December 18, 2020",0,2020-08-06 12:55PM EDT,4,,,
0.00,94.96,0.00,,"December 18, 2020",0,2020-08-06 1:54PM EDT,8,,,
0.00,89.19,0.00,,"December 18, 2020",0,2020-08-06 1:18PM EDT,4,,,
0.00,21.80,0.00,,"June 17, 2022",0,2020-08-07 10:04AM EDT,1,,,
0.00,18.75,0.00,,"June 17, 2022",0,2020-08-07 3:40PM EDT,5,,,
0.00,16.70,0.00,,"June 17, 2022",0,2020-08-07 2:15PM EDT,5,,,
0.00,14.85,0.00,,"June 17, 2022",0,2020-08-07 11:26AM EDT,2,,,
0.00,13.00,0.00,,"June 17, 2022",0,2020-08-07 11:54AM EDT,54,,,
0.00,11.78,0.00,,"June 17, 2022",0,2020-08-07 3:02PM EDT,6,,,
0.00,10.40,0.00,,"June 17, 2022",0,2020-08-07 1:10PM EDT,26,,,
0.00,3.20,0.00,,"September 17, 2021",0,2020-07-23 11:10AM EDT,3,,,
0.00,4.00,0.00,,"September 17, 2021",0,2020-08-06 1:19PM EDT,1,,,
0.00,5.15,0.00,,"September 17, 2021",0,2020-08-07 1:28PM EDT,8,,,
0.00,4.45,0.00,,"September 17, 2021",0,2020-08-03 11:51AM EDT,3,,,
0.00,6.88,0.00,,"September 17, 2021",0,2020-08-07 2:08PM EDT,1,,,
0.00,7.02,0.00,,"September 17, 2021",0,2020-08-07 11:43AM EDT,2,,,
0.00,8.58,0.00,,"September 17, 2021",0,2020-07-31 9:58AM EDT,1,,,
0.00,162.00,0.00,,"January 15, 2021",0,2020-07-20 3:46PM EDT,2,,,
0.00,97.00,0.00,,"October 16, 2020",1,2020-07-09 4:57PM EDT,1,,,
0.00,120.74,0.00,,"October 16, 2020",0,2020-07-21 3:03PM EDT,1,,,
0.00,79.65,0.00,,"October 16, 2020",104,2020-07-09 4:57PM EDT,2,,,
0.00,115.37,0.00,,"October 16, 2020",0,2020-08-06 3:26PM EDT,1,,,
0.00,107.70,0.00,,"October 16, 2020",0,2020-08-03 10:10AM EDT,1,,,
0.00,92.85,0.00,,"October 16, 2020",0,2020-07-27 1:28PM EDT,3,,,
0.00,143.70,0.00,,"September 18, 2020",0,2020-07-16 12:13PM EDT,8,,,
0.00,20.45,0.00,,"February 19, 2021",-,2020-08-07 3:51PM EDT,37,,,
0.00,16.00,0.00,,"February 19, 2021",-,2020-08-07 3:14PM EDT,4,,,
0.00,15.45,0.00,,"February 19, 2021",-,2020-08-07 3:58PM EDT,17,,,
0.00,14.95,0.00,,"February 19, 2021",-,2020-08-07 3:51PM EDT,57,,,
0.00,12.00,0.00,,"February 19, 2021",-,2020-08-07 2:59PM EDT,"1,420",,,
0.00,13.70,0.00,,"February 19, 2021",-,2020-08-07 1:48PM EDT,1,,,
0.00,27.10,0.00,,"January 21, 2022",0,2020-08-07 1:16PM EDT,139,,,
0.00,23.95,0.00,,"January 21, 2022",0,2020-08-07 3:51PM EDT,218,,,
0.00,20.50,0.00,,"January 21, 2022",0,2020-08-07 3:38PM EDT,138,,,
0.00,18.45,0.00,,"January 21, 2022",0,2020-08-07 3:46PM EDT,250,,,
0.00,15.30,0.00,,"January 21, 2022",0,2020-08-07 1:57PM EDT,29,,,
0.00,75.20,0.00,,"November 20, 2020",0,2020-08-06 1:50PM EDT,1,,,
0.00,63.70,0.00,,"November 20, 2020",0,2020-08-04 1:27PM EDT,2,,,
0.00,54.83,0.00,,"November 20, 2020",0,2020-08-05 11:36AM EDT,2,,,
0.00,50.60,0.00,,"November 20, 2020",0,2020-08-03 11:35AM EDT,1,,,
0.00,49.00,0.00,,"November 20, 2020",0,2020-08-06 3:11PM EDT,1,,,
0.00,41.08,0.00,,"November 20, 2020",0,2020-08-07 2:07PM EDT,4,,,
0.00,20.82,0.00,,"September 25, 2020",0,2020-08-07 2:40PM EDT,26,,,
0.00,19.50,0.00,,"September 25, 2020",0,2020-08-07 1:42PM EDT,1,,,
0.00,17.80,0.00,,"September 25, 2020",0,2020-08-07 3:59PM EDT,5,,,
0.00,16.15,0.00,,"September 25, 2020",0,2020-08-07 12:58PM EDT,5,,,
0.00,14.90,0.00,,"September 25, 2020",0,2020-08-07 3:43PM EDT,18,,,
0.00,13.40,0.00,,"September 25, 2020",0,2020-08-07 3:49PM EDT,7,,,
0.00,4.37,0.00,,"March 18, 2022",10,2020-07-09 4:58PM EDT,2,,,
2.15,4.15,5.95,,"March 18, 2022",25,2020-06-30 2:09PM EDT,29,,,
2.93,4.55,7.05,,"March 18, 2022",27,2020-07-10 2:18PM EDT,1,,,
0.00,0.45,0.00,,"August 14, 2020",0,2020-08-07 3:59PM EDT,"4,741",,,
0.00,0.66,0.00,,"August 14, 2020",0,2020-08-07 3:59PM EDT,"2,343",,,
0.00,0.98,0.00,,"August 14, 2020",0,2020-08-07 3:59PM EDT,"3,719",,,
0.00,1.48,0.00,,"August 14, 2020",0,2020-08-07 3:59PM EDT,"2,408",,,
0.00,2.29,0.00,,"August 14, 2020",0,2020-08-07 3:59PM EDT,"5,516",,,
0.00,3.44,0.00,,"August 14, 2020",0,2020-08-07 3:59PM EDT,"4,504",,,
0.00,14.99,0.00,,"September 16, 2022",0,2020-08-07 3:23PM EDT,20,,,
0.00,12.73,0.00,,"September 16, 2022",0,2020-08-07 3:56PM EDT,311,,,
0.00,2.47,0.00,,"September 16, 2022",0,2020-08-07 3:50PM EDT,4,,,
0.00,2.46,0.00,,"September 16, 2022",0,2020-08-05 2:24PM EDT,2,,,
0.00,3.06,0.00,,"September 16, 2022",0,2020-08-03 3:57PM EDT,1,,,
0.00,31.10,0.00,,"June 18, 2021",0,2020-08-07 11:53AM EDT,1,,,
0.00,37.10,0.00,,"June 18, 2021",0,2020-08-05 10:09AM EDT,3,,,
0.00,44.25,0.00,,"June 18, 2021",0,2020-08-05 1:38PM EDT,3,,,
0.00,50.39,0.00,,"June 18, 2021",0,2020-08-07 11:53AM EDT,1,,,
0.00,58.15,0.00,,"June 18, 2021",0,2020-08-07 11:55AM EDT,1,,,
0.00,76.10,0.00,,"March 19, 2021",0,2020-07-24 9:43AM EDT,1,,,
0.00,84.05,0.00,,"March 19, 2021",0,2020-08-07 12:09PM EDT,1,,,
0.00,80.10,0.00,,"March 19, 2021",0,2020-08-07 12:10PM EDT,1,,,
0.00,63.35,0.00,,"March 19, 2021",0,2020-07-31 12:11PM EDT,1,,,
0.00,82.50,0.00,,"December 18, 2020",0,2020-08-07 3:10PM EDT,2,,,
0.00,81.77,0.00,,"December 18, 2020",0,2020-08-03 3:38PM EDT,31,,,
0.00,75.98,0.00,,"December 18, 2020",0,2020-08-07 10:54AM EDT,8,,,
0.00,67.94,0.00,,"December 18, 2020",0,2020-08-07 2:46PM EDT,22,,,
0.00,66.50,0.00,,"December 18, 2020",0,2020-08-06 2:08PM EDT,5,,,
0.00,1.46,0.00,,"June 17, 2022",0,2020-08-07 10:18AM EDT,7,,,
0.00,1.95,0.00,,"June 17, 2022",0,2020-08-05 2:24PM EDT,2,,,
0.92,2.87,4.55,,"June 17, 2022",396,2020-07-09 12:20PM EDT,1,,,
0.50,2.46,5.00,,"June 17, 2022",23,2020-07-07 1:17PM EDT,2,,,
0.00,3.76,0.00,,"June 17, 2022",0,2020-08-06 9:58AM EDT,2,,,
0.00,4.20,0.00,,"June 17, 2022",0,2020-07-23 1:37PM EDT,1,,,
0.00,9.75,0.00,,"September 17, 2021",0,2020-07-28 10:23AM EDT,10,,,
0.00,11.41,0.00,,"September 17, 2021",0,2020-08-07 2:08PM EDT,1,,,
0.00,11.71,0.00,,"September 17, 2021",0,2020-08-05 11:49AM EDT,6,,,
0.00,14.20,0.00,,"September 17, 2021",0,2020-08-07 3:03PM EDT,1,,,
0.00,15.85,0.00,,"September 17, 2021",0,2020-08-07 3:03PM EDT,1,,,
0.00,128.90,0.00,,"January 15, 2021",4,2020-07-09 4:58PM EDT,4,,,
0.00,150.70,0.00,,"January 15, 2021",0,2020-08-03 9:30AM EDT,1,,,
139.25,140.00,140.60,,"January 15, 2021",17,2020-07-01 11:44AM EDT,1,,,
0.00,141.20,0.00,,"January 15, 2021",0,2020-08-03 9:30AM EDT,1,,,
0.00,98.70,0.00,,"October 16, 2020",0,2020-08-06 12:55PM EDT,8,,,
0.00,94.20,0.00,,"October 16, 2020",0,2020-08-06 1:16PM EDT,4,,,
0.00,89.00,0.00,,"October 16, 2020",0,2020-08-06 1:47PM EDT,13,,,
0.00,87.08,0.00,,"October 16, 2020",0,2020-08-03 2:40PM EDT,2,,,
0.00,147.12,0.00,,"September 18, 2020",0,2020-08-06 9:51AM EDT,2,,,
0.00,142.64,0.00,,"September 18, 2020",0,2020-08-03 10:24AM EDT,1,,,
0.00,132.95,0.00,,"September 18, 2020",0,2020-07-20 12:27PM EDT,4,,,
120.80,119.55,122.10,,"September 18, 2020",18,2020-06-26 9:31AM EDT,1,,,
0.00,126.95,0.00,,"September 18, 2020",0,2020-08-04 3:43PM EDT,1,,,
0.00,113.39,0.00,,"September 18, 2020",0,2020-07-30 12:56PM EDT,2,,,
0.00,15.27,0.00,,"February 19, 2021",-,2020-08-07 1:28PM EDT,10,,,
0.00,20.25,0.00,,"February 19, 2021",-,2020-08-07 11:21AM EDT,2,,,
0.00,13.27,0.00,,"January 21, 2022",0,2020-08-07 3:38PM EDT,26,,,
0.00,11.60,0.00,,"January 21, 2022",0,2020-08-07 2:00PM EDT,43,,,
0.00,9.93,0.00,,"January 21, 2022",0,2020-08-07 12:59PM EDT,36,,,
0.00,7.43,0.00,,"January 21, 2022",0,2020-08-07 1:27PM EDT,9,,,
0.00,38.00,0.00,,"November 20, 2020",0,2020-08-07 3:59PM EDT,4,,,
0.00,35.63,0.00,,"November 20, 2020",0,2020-08-07 10:50AM EDT,3,,,
0.00,30.15,0.00,,"November 20, 2020",0,2020-08-07 1:32PM EDT,21,,,
0.00,27.11,0.00,,"November 20, 2020",0,2020-08-07 12:08PM EDT,6,,,
0.00,23.40,0.00,,"November 20, 2020",0,2020-08-07 2:55PM EDT,81,,,
0.00,11.70,0.00,,"September 25, 2020",0,2020-08-07 3:59PM EDT,53,,,
0.00,10.50,0.00,,"September 25, 2020",0,2020-08-07 3:46PM EDT,94,,,
0.00,9.20,0.00,,"September 25, 2020",0,2020-08-07 3:59PM EDT,284,,,
0.00,8.12,0.00,,"September 25, 2020",0,2020-08-07 3:59PM EDT,86,,,
0.00,7.05,0.00,,"September 25, 2020",0,2020-08-07 3:53PM EDT,111,,,
0.00,10.72,0.00,,"March 18, 2022",6,2020-07-09 4:58PM EDT,2,,,
0.00,6.15,0.00,,"March 18, 2022",0,2020-07-24 11:35AM EDT,1,,,
0.00,6.35,0.00,,"March 18, 2022",0,2020-08-04 10:28AM EDT,2,,,
0.00,8.50,0.00,,"March 18, 2022",0,2020-07-17 9:36AM EDT,1,,,
0.00,9.76,0.00,,"March 18, 2022",0,2020-08-07 2:35PM EDT,3,,,
0.00,4.90,0.00,,"August 14, 2020",0,2020-08-07 3:59PM EDT,"3,455",,,
0.00,6.35,0.00,,"August 14, 2020",0,2020-08-07 3:49PM EDT,857,,,
0.00,8.74,0.00,,"August 14, 2020",0,2020-08-07 3:58PM EDT,145,,,
0.00,10.75,0.00,,"August 14, 2020",0,2020-08-07 12:52PM EDT,9,,,
0.00,3.50,0.00,,"September 16, 2022",0,2020-08-06 3:38PM EDT,2,,,
0.00,4.20,0.00,,"September 16, 2022",0,2020-08-07 2:42PM EDT,1,,,
0.00,5.00,0.00,,"September 16, 2022",0,2020-07-28 1:02PM EDT,2,,,
0.00,5.20,0.00,,"September 16, 2022",0,2020-08-03 3:56PM EDT,1,,,
0.00,76.43,0.00,,"June 18, 2021",0,2020-07-24 9:47AM EDT,1,,,
0.00,73.21,0.00,,"June 18, 2021",0,2020-08-04 9:30AM EDT,1,,,
0.00,73.58,0.00,,"March 19, 2021",0,2020-08-06 3:30PM EDT,3,,,
0.00,65.50,0.00,,"March 19, 2021",0,2020-08-07 2:40PM EDT,8,,,
0.00,64.17,0.00,,"March 19, 2021",0,2020-08-06 2:16PM EDT,2,,,
0.00,58.06,0.00,,"March 19, 2021",0,2020-08-07 3:57PM EDT,6,,,
0.00,61.00,0.00,,"December 18, 2020",0,2020-08-06 12:52PM EDT,5,,,
0.00,55.85,0.00,,"December 18, 2020",0,2020-08-07 12:05PM EDT,13,,,
0.00,50.35,0.00,,"December 18, 2020",0,2020-08-06 9:38AM EDT,1,,,
0.00,47.59,0.00,,"December 18, 2020",0,2020-08-06 12:37PM EDT,3,,,
0.00,42.12,0.00,,"December 18, 2020",0,2020-08-07 2:07PM EDT,2,,,
0.00,38.27,0.00,,"December 18, 2020",0,2020-08-07 1:25PM EDT,1,,,
0.00,3.91,0.00,,"June 17, 2022",0,2020-08-07 9:42AM EDT,2,,,
4.05,6.57,8.50,,"June 17, 2022",405,2020-06-18 3:53PM EDT,3,,,
0.00,6.16,0.00,,"June 17, 2022",0,2020-08-05 1:08PM EDT,2,,,
0.00,6.33,0.00,,"June 17, 2022",0,2020-08-03 3:22PM EDT,5,,,
0.00,7.50,0.00,,"June 17, 2022",0,2020-07-22 3:15PM EDT,2,,,
0.00,16.27,0.00,,"September 17, 2021",0,2020-08-06 1:44PM EDT,14,,,
0.00,16.50,0.00,,"September 17, 2021",0,2020-08-03 3:57PM EDT,84,,,
0.00,20.60,0.00,,"September 17, 2021",0,2020-08-06 9:42AM EDT,2,,,
0.00,23.40,0.00,,"September 17, 2021",0,2020-08-07 3:56PM EDT,2,,,
0.00,140.33,0.00,,"January 15, 2021",0,2020-08-07 9:48AM EDT,9,,,
0.00,123.75,0.00,,"January 15, 2021",0,2020-07-31 3:16PM EDT,5,,,
0.00,128.00,0.00,,"January 15, 2021",0,2020-08-06 10:07AM EDT,2,,,
0.00,77.28,0.00,,"October 16, 2020",0,2020-08-07 3:38PM EDT,24,,,
0.00,72.40,0.00,,"October 16, 2020",0,2020-08-07 3:05PM EDT,4,,,
0.00,67.50,0.00,,"October 16, 2020",0,2020-08-06 10:44AM EDT,2,,,
0.00,62.72,0.00,,"October 16, 2020",0,2020-08-07 3:56PM EDT,29,,,
0.00,58.24,0.00,,"October 16, 2020",0,2020-08-05 3:30PM EDT,1,,,
0.00,53.55,0.00,,"October 16, 2020",0,2020-08-07 12:57PM EDT,12,,,
0.00,47.66,0.00,,"October 16, 2020",0,2020-08-07 3:18PM EDT,1,,,
0.00,46.25,0.00,,"October 16, 2020",0,2020-08-07 10:53AM EDT,4,,,
0.00,39.33,0.00,,"October 16, 2020",0,2020-08-07 3:09PM EDT,48,,,
0.00,89.60,0.00,,"September 18, 2020",0,2020-07-09 4:57PM EDT,220,,,
0.00,115.80,0.00,,"September 18, 2020",0,2020-08-06 3:41PM EDT,2,,,
0.00,105.10,0.00,,"September 18, 2020",0,2020-07-22 1:06PM EDT,10,,,
0.00,102.73,0.00,,"September 18, 2020",0,2020-08-05 11:45AM EDT,1,,,
0.00,98.30,0.00,,"September 18, 2020",0,2020-08-06 12:41PM EDT,4,,,
0.00,91.94,0.00,,"September 18, 2020",0,2020-08-07 2:01PM EDT,2,,,
0.00,88.39,0.00,,"September 18, 2020",0,2020-08-06 12:45PM EDT,4,,,
0.00,81.34,0.00,,"September 18, 2020",0,2020-08-07 1:59PM EDT,3,,,
0.00,0.76,0.00,,"January 21, 2022",0,2020-08-07 10:19AM EDT,4,,,
0.00,0.93,0.00,,"January 21, 2022",0,2020-08-07 9:41AM EDT,70,,,
0.00,1.33,0.00,,"January 21, 2022",0,2020-08-07 2:22PM EDT,889,,,
0.00,1.38,0.00,,"January 21, 2022",0,2020-08-07 10:10AM EDT,58,,,
0.00,1.70,0.00,,"January 21, 2022",0,2020-08-07 12:45PM EDT,77,,,
0.00,1.70,0.00,,"January 21, 2022",0,2020-08-03 11:30AM EDT,2,,,
0.00,20.87,0.00,,"November 20, 2020",0,2020-08-07 3:58PM EDT,24,,,
0.00,18.08,0.00,,"November 20, 2020",0,2020-08-07 3:54PM EDT,165,,,
0.00,15.60,0.00,,"November 20, 2020",0,2020-08-07 3:59PM EDT,394,,,
0.00,13.75,0.00,,"November 20, 2020",0,2020-08-07 3:48PM EDT,593,,,
0.00,11.45,0.00,,"November 20, 2020",0,2020-08-07 3:51PM EDT,66,,,
0.00,9.65,0.00,,"November 20, 2020",0,2020-08-07 3:59PM EDT,140,,,
0.00,7.92,0.00,,"November 20, 2020",0,2020-08-07 3:28PM EDT,65,,,
0.00,6.05,0.00,,"September 25, 2020",0,2020-08-07 2:06PM EDT,34,,,
0.00,5.45,0.00,,"September 25, 2020",0,2020-08-07 3:55PM EDT,69,,,
0.00,4.55,0.00,,"September 25, 2020",0,2020-08-07 3:35PM EDT,24,,,
0.00,4.10,0.00,,"September 25, 2020",0,2020-08-07 3:03PM EDT,129,,,
0.00,3.50,0.00,,"September 25, 2020",0,2020-08-07 3:56PM EDT,11,,,
0.00,3.05,0.00,,"September 25, 2020",0,2020-08-07 3:51PM EDT,59,,,
0.00,2.58,0.00,,"September 25, 2020",0,2020-08-07 1:23PM EDT,2,,,
8.50,10.90,11.65,,"March 18, 2022",95,2020-06-22 3:24PM EDT,50,,,
0.00,11.50,0.00,,"March 18, 2022",0,2020-08-07 11:29AM EDT,1,,,
0.00,12.71,0.00,,"March 18, 2022",0,2020-07-22 2:31PM EDT,476,,,
0.00,14.75,0.00,,"March 18, 2022",0,2020-07-30 2:58PM EDT,2,,,
0.00,16.35,0.00,,"March 18, 2022",0,2020-07-29 11:25AM EDT,2,,,
0.00,13.40,0.00,,"August 14, 2020",0,2020-08-07 3:05PM EDT,60,,,
0.00,15.85,0.00,,"August 14, 2020",0,2020-08-07 3:10PM EDT,10,,,
0.00,19.36,0.00,,"August 14, 2020",0,2020-08-07 2:24PM EDT,12,,,
0.00,17.50,0.00,,"August 14, 2020",0,2020-08-06 2:38PM EDT,21,,,
0.00,21.12,0.00,,"August 14, 2020",0,2020-08-07 11:51AM EDT,7,,,
0.00,27.41,0.00,,"August 14, 2020",0,2020-08-06 11:53AM EDT,3,,,
0.00,6.00,0.00,,"September 16, 2022",0,2020-08-05 12:21PM EDT,1,,,
0.00,7.25,0.00,,"September 16, 2022",0,2020-07-31 3:59PM EDT,7,,,
0.00,9.20,0.00,,"September 16, 2022",0,2020-07-31 10:12AM EDT,3,,,
0.00,9.40,0.00,,"September 16, 2022",0,2020-08-07 12:59PM EDT,2,,,
0.00,57.00,0.00,,"March 19, 2021",0,2020-08-06 3:55PM EDT,3,,,
0.00,49.65,0.00,,"March 19, 2021",0,2020-08-07 1:30PM EDT,1,,,
0.00,46.38,0.00,,"March 19, 2021",0,2020-08-07 3:59PM EDT,19,,,
0.00,34.95,0.00,,"December 18, 2020",0,2020-08-07 2:12PM EDT,17,,,
0.00,32.00,0.00,,"December 18, 2020",0,2020-08-07 3:53PM EDT,15,,,
0.00,27.65,0.00,,"December 18, 2020",0,2020-08-07 2:24PM EDT,14,,,
0.00,25.45,0.00,,"December 18, 2020",0,2020-08-07 3:58PM EDT,36,,,
0.00,21.86,0.00,,"December 18, 2020",0,2020-08-07 2:25PM EDT,12,,,
0.00,19.95,0.00,,"December 18, 2020",0,2020-08-07 3:50PM EDT,216,,,
0.00,10.02,0.00,,"June 17, 2022",0,2020-07-31 10:30AM EDT,3,,,
0.00,10.20,0.00,,"June 17, 2022",0,2020-08-04 2:51PM EDT,5,,,
0.00,10.25,0.00,,"June 17, 2022",0,2020-08-03 3:46PM EDT,55,,,
0.00,12.85,0.00,,"June 17, 2022",0,2020-08-05 3:25PM EDT,1,,,
0.00,14.43,0.00,,"June 17, 2022",0,2020-08-05 2:48PM EDT,3,,,
0.00,24.15,0.00,,"September 17, 2021",0,2020-08-06 1:44PM EDT,14,,,
0.00,30.52,0.00,,"September 17, 2021",0,2020-08-07 1:07PM EDT,1,,,
0.00,33.90,0.00,,"September 17, 2021",0,2020-08-06 2:07PM EDT,3,,,
0.00,41.50,0.00,,"September 17, 2021",0,2020-08-07 12:47PM EDT,432,,,
0.00,123.20,0.00,,"January 15, 2021",0,2020-08-07 12:11PM EDT,1,,,
118.00,107.68,120.55,,"January 15, 2021",99,2020-06-22 3:08PM EDT,10,,,
0.00,118.23,0.00,,"January 15, 2021",0,2020-08-07 12:11PM EDT,1,,,
0.00,119.00,0.00,,"January 15, 2021",0,2020-08-03 2:45PM EDT,1,,,
0.00,114.30,0.00,,"January 15, 2021",0,2020-08-07 11:49AM EDT,1,,,
0.00,35.55,0.00,,"October 16, 2020",0,2020-08-07 3:48PM EDT,44,,,
0.00,31.09,0.00,,"October 16, 2020",0,2020-08-07 3:55PM EDT,126,,,
0.00,27.10,0.00,,"October 16, 2020",0,2020-08-07 3:41PM EDT,46,,,
0.00,23.02,0.00,,"October 16, 2020",0,2020-08-07 3:13PM EDT,96,,,
0.00,77.15,0.00,,"September 18, 2020",0,2020-08-07 3:38PM EDT,24,,,
0.00,72.00,0.00,,"September 18, 2020",0,2020-08-07 2:03PM EDT,2,,,
0.00,67.60,0.00,,"September 18, 2020",0,2020-08-07 3:21PM EDT,25,,,
0.00,2.10,0.00,,"January 21, 2022",0,2020-08-03 3:34PM EDT,52,,,
0.00,3.22,0.00,,"January 21, 2022",0,2020-08-07 3:14PM EDT,10,,,
0.00,3.30,0.00,,"January 21, 2022",0,2020-08-07 12:45PM EDT,1,,,
0.00,4.45,0.00,,"January 21, 2022",0,2020-08-07 3:07PM EDT,25,,,
0.00,5.15,0.00,,"January 21, 2022",0,2020-08-07 3:24PM EDT,116,,,
0.00,6.80,0.00,,"November 20, 2020",0,2020-08-07 3:59PM EDT,669,,,
0.00,5.55,0.00,,"November 20, 2020",0,2020-08-07 3:25PM EDT,282,,,
0.00,4.80,0.00,,"November 20, 2020",0,2020-08-07 3:50PM EDT,297,,,
0.00,3.25,0.00,,"November 20, 2020",0,2020-08-07 3:40PM EDT,490,,,
0.00,0.75,0.00,,"November 20, 2020",0,2020-08-06 9:51AM EDT,2,,,
0.00,1.22,0.00,,"November 20, 2020",0,2020-08-07 3:23PM EDT,4,,,
0.00,2.37,0.00,,"September 25, 2020",0,2020-08-07 3:53PM EDT,35,,,
0.00,1.80,0.00,,"September 25, 2020",0,2020-08-07 3:58PM EDT,67,,,
0.00,1.99,0.00,,"September 25, 2020",0,2020-08-07 3:55PM EDT,402,,,
0.00,2.60,0.00,,"September 25, 2020",0,2020-08-07 3:46PM EDT,6,,,
0.00,2.59,0.00,,"September 25, 2020",0,2020-08-06 1:15PM EDT,-,,,
0.00,18.20,0.00,,"March 18, 2022",0,2020-07-30 2:58PM EDT,2,,,
17.70,19.82,21.50,,"March 18, 2022",22,2020-06-30 3:49PM EDT,6,,,
0.00,22.47,0.00,,"March 18, 2022",0,2020-07-28 3:18PM EDT,1,,,
0.00,23.75,0.00,,"March 18, 2022",0,2020-07-14 3:58PM EDT,10,,,
0.00,32.60,0.00,,"August 14, 2020",0,2020-08-03 10:08AM EDT,5,,,
0.00,39.52,0.00,,"August 14, 2020",0,2020-08-04 11:29AM EDT,2,,,
0.00,44.00,0.00,,"August 14, 2020",0,2020-08-03 9:30AM EDT,1,,,
0.00,9.25,0.00,,"September 16, 2022",0,2020-08-05 10:43AM EDT,2,,,
0.00,10.60,0.00,,"September 16, 2022",0,2020-08-03 12:52PM EDT,46,,,
0.00,13.75,0.00,,"September 16, 2022",0,2020-08-07 2:23PM EDT,1,,,
0.00,14.00,0.00,,"September 16, 2022",0,2020-08-06 1:54PM EDT,1,,,
0.00,15.50,0.00,,"September 16, 2022",0,2020-08-05 10:27AM EDT,1,,,
0.00,43.60,0.00,,"March 19, 2021",0,2020-08-06 1:02PM EDT,3,,,
0.00,40.79,0.00,,"March 19, 2021",0,2020-08-06 2:23PM EDT,6,,,
0.00,36.60,0.00,,"March 19, 2021",0,2020-08-07 10:07AM EDT,1,,,
0.00,17.40,0.00,,"December 18, 2020",0,2020-08-07 3:58PM EDT,88,,,
0.00,15.30,0.00,,"December 18, 2020",0,2020-08-07 3:59PM EDT,173,,,
0.00,12.85,0.00,,"December 18, 2020",0,2020-08-07 2:38PM EDT,57,,,
0.00,11.12,0.00,,"December 18, 2020",0,2020-08-07 3:01PM EDT,106,,,
0.00,16.80,0.00,,"June 17, 2022",0,2020-08-07 1:46PM EDT,2,,,
0.00,19.25,0.00,,"June 17, 2022",0,2020-07-14 10:18AM EDT,1,,,
0.00,18.70,0.00,,"June 17, 2022",0,2020-08-07 9:50AM EDT,4,,,
0.00,23.04,0.00,,"June 17, 2022",0,2020-07-16 3:43PM EDT,2,,,
0.00,24.75,0.00,,"June 17, 2022",0,2020-07-28 9:58AM EDT,2,,,
0.00,23.15,0.00,,"June 17, 2022",0,2020-08-03 1:21PM EDT,3,,,
0.00,52.40,0.00,,"September 17, 2021",0,2020-07-14 10:11AM EDT,2,,,
0.00,55.00,0.00,,"September 17, 2021",0,2020-08-07 12:59PM EDT,1,,,
0.00,62.00,0.00,,"September 17, 2021",0,2020-08-04 11:23AM EDT,2,,,
0.00,99.30,0.00,,"January 15, 2021",0,2020-07-28 9:30AM EDT,1,,,
0.00,104.50,0.00,,"January 15, 2021",0,2020-08-06 1:47PM EDT,1,,,
0.00,96.08,0.00,,"January 15, 2021",0,2020-08-04 11:34AM EDT,11,,,
0.00,44.65,0.00,,"September 11, 2020",0,2020-08-07 10:07AM EDT,1,,,
0.00,20.00,0.00,,"October 16, 2020",0,2020-08-07 3:57PM EDT,203,,,
0.00,16.95,0.00,,"October 16, 2020",0,2020-08-07 3:50PM EDT,67,,,
0.00,14.10,0.00,,"October 16, 2020",0,2020-08-07 3:59PM EDT,681,,,
0.00,11.60,0.00,,"October 16, 2020",0,2020-08-07 3:59PM EDT,"1,317",,,
0.00,9.31,0.00,,"October 16, 2020",0,2020-08-07 3:59PM EDT,845,,,
0.00,61.95,0.00,,"September 18, 2020",0,2020-08-07 2:53PM EDT,5,,,
0.00,56.40,0.00,,"September 18, 2020",0,2020-08-07 2:19PM EDT,1,,,
0.00,54.69,0.00,,"September 18, 2020",0,2020-08-07 11:26AM EDT,3,,,
0.00,49.31,0.00,,"September 18, 2020",0,2020-08-07 11:54AM EDT,370,,,
0.00,5.95,0.00,,"January 21, 2022",0,2020-08-07 3:24PM EDT,253,,,
0.00,6.70,0.00,,"January 21, 2022",0,2020-08-07 3:51PM EDT,100,,,
0.00,6.87,0.00,,"January 21, 2022",0,2020-08-05 10:31AM EDT,6,,,
0.00,7.92,0.00,,"January 21, 2022",0,2020-08-06 3:23PM EDT,1,,,
0.00,1.89,0.00,,"November 20, 2020",0,2020-08-07 3:30PM EDT,29,,,
0.00,2.80,0.00,,"November 20, 2020",0,2020-08-07 3:26PM EDT,65,,,
0.00,3.35,0.00,,"November 20, 2020",0,2020-08-07 3:50PM EDT,57,,,
0.00,4.10,0.00,,"November 20, 2020",0,2020-08-07 3:50PM EDT,113,,,
0.00,5.03,0.00,,"November 20, 2020",0,2020-08-07 3:30PM EDT,651,,,
0.00,6.08,0.00,,"November 20, 2020",0,2020-08-07 3:29PM EDT,76,,,
0.00,6.50,0.00,,"November 20, 2020",0,2020-08-07 11:46AM EDT,49,,,
0.00,8.73,0.00,,"November 20, 2020",0,2020-08-07 3:50PM EDT,23,,,
0.00,3.56,0.00,,"September 25, 2020",0,2020-08-07 3:13PM EDT,7,,,
0.00,3.80,0.00,,"September 25, 2020",0,2020-08-07 3:23PM EDT,6,,,
0.00,4.40,0.00,,"September 25, 2020",0,2020-08-07 3:49PM EDT,7,,,
0.00,5.20,0.00,,"September 25, 2020",0,2020-08-07 3:45PM EDT,5,,,
0.00,6.01,0.00,,"September 25, 2020",0,2020-08-07 3:16PM EDT,9,,,
0.00,6.93,0.00,,"September 25, 2020",0,2020-08-07 2:39PM EDT,18,,,
0.00,7.86,0.00,,"September 25, 2020",0,2020-08-07 2:39PM EDT,15,,,
25.55,28.72,30.35,,"March 18, 2022",14,2020-06-24 12:09PM EDT,3,,,
0.00,29.60,0.00,,"March 18, 2022",0,2020-07-31 1:48PM EDT,1,,,
0.00,29.80,0.00,,"March 18, 2022",0,2020-08-05 3:39PM EDT,25,,,
0.00,36.46,0.00,,"March 18, 2022",0,2020-08-07 3:31PM EDT,14,,,
0.00,40.08,0.00,,"March 18, 2022",0,2020-08-04 11:22AM EDT,20,,,
0.00,44.27,0.00,,"March 18, 2022",0,2020-08-03 11:28AM EDT,1,,,
0.00,52.10,0.00,,"August 14, 2020",0,2020-08-06 12:32PM EDT,-,,,
0.00,78.55,0.00,,"August 14, 2020",0,2020-07-31 9:50AM EDT,5,,,
0.00,82.85,0.00,,"August 14, 2020",0,2020-08-07 3:10PM EDT,1,,,
0.00,17.40,0.00,,"September 16, 2022",0,2020-08-06 12:07PM EDT,1,,,
0.00,20.45,0.00,,"September 16, 2022",0,2020-08-07 3:55PM EDT,5,,,
0.00,20.50,0.00,,"September 16, 2022",0,2020-08-05 11:24AM EDT,413,,,
0.00,24.55,0.00,,"September 16, 2022",0,2020-08-07 2:23PM EDT,2,,,
0.00,25.25,0.00,,"September 16, 2022",0,2020-08-07 11:09AM EDT,275,,,
0.00,27.20,0.00,,"September 16, 2022",0,2020-08-07 12:51PM EDT,2,,,
0.00,33.12,0.00,,"March 19, 2021",0,2020-08-07 3:59PM EDT,11,,,
0.00,30.35,0.00,,"March 19, 2021",0,2020-08-07 3:57PM EDT,17,,,
0.00,28.95,0.00,,"March 19, 2021",0,2020-08-06 2:57PM EDT,-,,,
0.00,24.89,0.00,,"March 19, 2021",0,2020-08-07 3:59PM EDT,49,,,
0.00,22.40,0.00,,"March 19, 2021",0,2020-08-07 3:55PM EDT,32,,,
0.00,20.00,0.00,,"March 19, 2021",0,2020-08-07 3:35PM EDT,123,,,
0.00,17.92,0.00,,"March 19, 2021",0,2020-08-07 3:03PM EDT,4,,,
0.00,9.60,0.00,,"December 18, 2020",0,2020-08-07 3:57PM EDT,65,,,
0.00,8.35,0.00,,"December 18, 2020",0,2020-08-07 3:59PM EDT,89,,,
0.00,6.95,0.00,,"December 18, 2020",0,2020-08-07 3:17PM EDT,30,,,
0.00,6.10,0.00,,"December 18, 2020",0,2020-08-07 3:49PM EDT,160,,,
0.00,4.30,0.00,,"December 18, 2020",0,2020-08-07 3:16PM EDT,27,,,
0.00,3.20,0.00,,"December 18, 2020",0,2020-08-07 3:54PM EDT,125,,,
0.00,25.30,0.00,,"June 17, 2022",0,2020-08-06 3:57PM EDT,1,,,
0.00,28.55,0.00,,"June 17, 2022",0,2020-08-04 9:38AM EDT,1,,,
0.00,32.35,0.00,,"June 17, 2022",0,2020-08-07 12:49PM EDT,1,,,
0.00,39.00,0.00,,"June 17, 2022",0,2020-08-07 2:23PM EDT,1,,,
0.00,43.05,0.00,,"June 17, 2022",0,2020-08-07 12:49PM EDT,3,,,
0.00,47.25,0.00,,"June 17, 2022",0,2020-08-03 9:56AM EDT,1,,,
0.00,95.00,0.00,,"January 15, 2021",0,2020-08-07 10:09AM EDT,3,,,
0.00,90.67,0.00,,"January 15, 2021",0,2020-08-07 10:35AM EDT,1,,,
0.00,85.50,0.00,,"January 15, 2021",0,2020-08-07 11:16AM EDT,5,,,
0.00,77.85,0.00,,"January 15, 2021",0,2020-08-07 2:10PM EDT,1,,,
0.00,73.02,0.00,,"January 15, 2021",0,2020-08-07 1:10PM EDT,2,,,
0.00,68.58,0.00,,"January 15, 2021",0,2020-08-07 1:50PM EDT,11,,,
0.00,65.00,0.00,,"January 15, 2021",0,2020-08-07 3:56PM EDT,50,,,
0.00,43.00,0.00,,"August 28, 2020",0,2020-08-07 12:48PM EDT,7,,,
0.00,35.34,0.00,,"September 11, 2020",0,2020-08-04 10:48AM EDT,3,,,
0.00,33.20,0.00,,"September 11, 2020",0,2020-08-07 3:51PM EDT,2,,,
0.00,29.90,0.00,,"September 11, 2020",0,2020-08-07 2:43PM EDT,1,,,
0.00,30.00,0.00,,"September 11, 2020",0,2020-08-07 11:53AM EDT,4,,,
0.00,25.35,0.00,,"September 11, 2020",0,2020-08-04 2:42PM EDT,1,,,
0.00,7.70,0.00,,"October 16, 2020",0,2020-08-07 3:48PM EDT,409,,,
0.00,5.95,0.00,,"October 16, 2020",0,2020-08-07 3:59PM EDT,706,,,
0.00,5.00,0.00,,"October 16, 2020",0,2020-08-07 3:59PM EDT,252,,,
0.00,3.80,0.00,,"October 16, 2020",0,2020-08-07 3:53PM EDT,636,,,
0.00,2.92,0.00,,"October 16, 2020",0,2020-08-07 3:58PM EDT,56,,,
0.00,2.33,0.00,,"October 16, 2020",0,2020-08-07 3:58PM EDT,"1,112",,,
0.00,67.80,0.00,,"August 21, 2020",0,2020-08-07 3:54PM EDT,2,,,
0.00,42.15,0.00,,"September 4, 2020",0,2020-08-07 3:30PM EDT,13,,,
0.00,42.97,0.00,,"September 18, 2020",0,2020-08-07 3:59PM EDT,343,,,
0.00,37.92,0.00,,"September 18, 2020",0,2020-08-07 3:26PM EDT,10,,,
0.00,32.60,0.00,,"September 18, 2020",0,2020-08-07 2:32PM EDT,25,,,
0.00,29.20,0.00,,"September 18, 2020",0,2020-08-07 3:55PM EDT,34,,,
0.00,24.80,0.00,,"September 18, 2020",0,2020-08-07 3:59PM EDT,"1,742",,,
0.00,20.66,0.00,,"September 18, 2020",0,2020-08-07 3:59PM EDT,288,,,
0.00,16.85,0.00,,"September 18, 2020",0,2020-08-07 3:58PM EDT,816,,,
0.00,13.64,0.00,,"September 18, 2020",0,2020-08-07 3:59PM EDT,"1,940",,,
0.00,8.87,0.00,,"January 21, 2022",0,2020-08-05 10:31AM EDT,109,,,
0.00,11.25,0.00,,"January 21, 2022",0,2020-08-07 3:09PM EDT,4,,,
0.00,12.65,0.00,,"January 21, 2022",0,2020-08-07 2:37PM EDT,2,,,
0.00,13.33,0.00,,"January 21, 2022",0,2020-08-05 3:49PM EDT,8,,,
0.00,14.60,0.00,,"January 21, 2022",0,2020-08-07 12:05PM EDT,5,,,
0.00,17.35,0.00,,"January 21, 2022",0,2020-08-07 2:45PM EDT,"2,001",,,
0.00,19.03,0.00,,"January 21, 2022",0,2020-08-07 1:41PM EDT,1,,,
0.00,10.18,0.00,,"November 20, 2020",0,2020-08-07 3:43PM EDT,134,,,
0.00,12.21,0.00,,"November 20, 2020",0,2020-08-07 3:20PM EDT,221,,,
0.00,14.30,0.00,,"November 20, 2020",0,2020-08-07 3:10PM EDT,292,,,
0.00,16.80,0.00,,"November 20, 2020",0,2020-08-07 2:17PM EDT,199,,,
0.00,19.10,0.00,,"November 20, 2020",0,2020-08-07 3:32PM EDT,37,,,
0.00,20.15,0.00,,"November 20, 2020",0,2020-08-06 2:19PM EDT,41,,,
0.00,27.95,0.00,,"November 20, 2020",0,2020-08-07 3:57PM EDT,4,,,
0.00,35.00,0.00,,"November 20, 2020",0,2020-08-04 2:29PM EDT,1,,,
0.00,6.95,0.00,,"September 25, 2020",0,2020-08-06 3:58PM EDT,-,,,
0.00,9.83,0.00,,"September 25, 2020",0,2020-08-07 3:25PM EDT,66,,,
0.00,11.00,0.00,,"September 25, 2020",0,2020-08-07 3:59PM EDT,5,,,
0.00,11.85,0.00,,"September 25, 2020",0,2020-08-07 12:50PM EDT,27,,,
0.00,12.68,0.00,,"September 25, 2020",0,2020-08-07 11:57AM EDT,3,,,
0.00,14.75,0.00,,"September 25, 2020",0,2020-08-07 10:57AM EDT,4,,,
0.00,20.71,0.00,,"September 25, 2020",0,2020-08-07 2:04PM EDT,1,,,
52.70,63.60,56.60,,"March 18, 2022",3,2020-06-15 2:53PM EDT,4,,,
0.00,57.95,0.00,,"March 18, 2022",0,2020-08-06 3:33PM EDT,2,,,
66.60,79.45,70.80,,"March 18, 2022",3,2020-06-15 2:54PM EDT,2,,,
78.80,83.40,82.60,,"March 18, 2022",3,2020-06-17 11:10AM EDT,1,,,
0.00,80.50,0.00,,"March 18, 2022",0,2020-08-03 9:59AM EDT,2,,,
0.00,31.17,0.00,,"September 16, 2022",0,2020-08-07 3:50PM EDT,3,,,
0.00,33.00,0.00,,"September 16, 2022",0,2020-08-07 12:47PM EDT,2,,,
0.00,35.70,0.00,,"September 16, 2022",0,2020-08-07 3:16PM EDT,186,,,
0.00,40.55,0.00,,"September 16, 2022",0,2020-08-07 12:58PM EDT,72,,,
0.00,46.25,0.00,,"September 16, 2022",0,2020-08-04 2:51PM EDT,11,,,
0.00,51.60,0.00,,"September 16, 2022",0,2020-08-05 11:39AM EDT,2,,,
0.00,54.50,0.00,,"September 16, 2022",0,2020-08-03 2:43PM EDT,7,,,
0.00,15.75,0.00,,"March 19, 2021",0,2020-08-07 2:46PM EDT,181,,,
0.00,14.55,0.00,,"March 19, 2021",0,2020-08-07 3:58PM EDT,11,,,
0.00,12.75,0.00,,"March 19, 2021",0,2020-08-07 3:11PM EDT,81,,,
0.00,10.88,0.00,,"March 19, 2021",0,2020-08-07 12:51PM EDT,34,,,
0.00,9.98,0.00,,"March 19, 2021",0,2020-08-07 3:34PM EDT,226,,,
0.00,7.50,0.00,,"March 19, 2021",0,2020-08-07 3:50PM EDT,116,,,
0.00,6.22,0.00,,"March 19, 2021",0,2020-08-07 1:36PM EDT,17,,,
0.00,4.85,0.00,,"March 19, 2021",0,2020-08-07 3:17PM EDT,119,,,
0.00,0.06,0.00,,"December 18, 2020",0,2020-08-04 3:26PM EDT,2,,,
0.00,0.16,0.00,,"December 18, 2020",0,2020-08-05 11:54AM EDT,2,,,
0.00,0.24,0.00,,"December 18, 2020",0,2020-08-05 10:59AM EDT,200,,,
0.00,0.28,0.00,,"December 18, 2020",0,2020-08-06 11:40AM EDT,10,,,
0.00,55.50,0.00,,"June 17, 2022",0,2020-07-21 1:58PM EDT,2,,,
0.00,66.47,0.00,,"June 17, 2022",0,2020-07-31 3:03PM EDT,2,,,
0.00,74.45,0.00,,"June 17, 2022",0,2020-07-24 11:13AM EDT,2,,,
74.15,76.50,76.10,,"June 17, 2022",66,2020-07-08 11:24AM EDT,2,,,
0.00,82.25,0.00,,"June 17, 2022",0,2020-08-03 11:05AM EDT,2,,,
0.00,60.38,0.00,,"January 15, 2021",0,2020-08-07 3:38PM EDT,21,,,
0.00,56.26,0.00,,"January 15, 2021",0,2020-08-07 3:56PM EDT,10,,,
0.00,51.10,0.00,,"January 15, 2021",0,2020-08-07 2:29PM EDT,12,,,
0.00,47.34,0.00,,"January 15, 2021",0,2020-08-07 1:56PM EDT,26,,,
0.00,43.47,0.00,,"January 15, 2021",0,2020-08-07 2:07PM EDT,1,,,
0.00,39.80,0.00,,"January 15, 2021",0,2020-08-07 2:54PM EDT,19,,,
0.00,36.40,0.00,,"January 15, 2021",0,2020-08-07 2:14PM EDT,14,,,
0.00,33.25,0.00,,"January 15, 2021",0,2020-08-07 3:59PM EDT,60,,,
0.00,40.15,0.00,,"August 28, 2020",0,2020-08-07 11:01AM EDT,23,,,
0.00,36.65,0.00,,"August 28, 2020",0,2020-08-06 1:16PM EDT,2,,,
0.00,36.03,0.00,,"August 28, 2020",0,2020-08-07 9:30AM EDT,4,,,
0.00,32.11,0.00,,"August 28, 2020",0,2020-08-07 11:43AM EDT,5,,,
0.00,27.35,0.00,,"August 28, 2020",0,2020-08-07 3:28PM EDT,1,,,
0.00,25.50,0.00,,"August 28, 2020",0,2020-08-07 3:58PM EDT,3,,,
0.00,22.00,0.00,,"August 28, 2020",0,2020-08-07 1:18PM EDT,9,,,
0.00,24.28,0.00,,"September 11, 2020",0,2020-08-07 3:50PM EDT,9,,,
0.00,22.13,0.00,,"September 11, 2020",0,2020-08-07 3:50PM EDT,9,,,
0.00,18.77,0.00,,"September 11, 2020",0,2020-08-07 1:18PM EDT,15,,,
0.00,19.61,0.00,,"September 11, 2020",0,2020-08-07 10:44AM EDT,1,,,
0.00,15.80,0.00,,"September 11, 2020",0,2020-08-07 3:00PM EDT,28,,,
0.00,15.05,0.00,,"September 11, 2020",0,2020-08-07 3:50PM EDT,20,,,
0.00,13.00,0.00,,"September 11, 2020",0,2020-08-07 3:49PM EDT,23,,,
0.00,11.00,0.00,,"September 11, 2020",0,2020-08-07 3:56PM EDT,22,,,
0.00,1.55,0.00,,"October 16, 2020",0,2020-08-07 3:59PM EDT,"1,229",,,
0.00,0.05,0.00,,"October 16, 2020",0,2020-08-07 2:53PM EDT,1,,,
0.00,0.05,0.00,,"October 16, 2020",0,2020-07-27 2:23PM EDT,2,,,
0.00,0.06,0.00,,"October 16, 2020",0,2020-08-07 10:04AM EDT,1,,,
0.00,0.10,0.00,,"October 16, 2020",0,2020-07-21 11:40AM EDT,2,,,
0.00,63.38,0.00,,"August 21, 2020",0,2020-08-06 12:26PM EDT,10,,,
0.00,56.32,0.00,,"August 21, 2020",0,2020-08-07 2:19PM EDT,1,,,
0.00,52.08,0.00,,"August 21, 2020",0,2020-08-07 3:12PM EDT,36,,,
0.00,46.60,0.00,,"August 21, 2020",0,2020-08-07 2:51PM EDT,6,,,
0.00,41.88,0.00,,"August 21, 2020",0,2020-08-07 1:14PM EDT,34,,,
0.00,37.35,0.00,,"September 4, 2020",0,2020-08-07 3:21PM EDT,1,,,
0.00,35.37,0.00,,"September 4, 2020",0,2020-08-07 3:58PM EDT,1,,,
0.00,32.95,0.00,,"September 4, 2020",0,2020-08-07 3:58PM EDT,1,,,
0.00,33.00,0.00,,"September 4, 2020",0,2020-08-06 2:26PM EDT,1,,,
0.00,31.01,0.00,,"September 4, 2020",0,2020-08-03 2:20PM EDT,16,,,
0.00,26.10,0.00,,"September 4, 2020",0,2020-08-07 12:55PM EDT,1,,,
0.00,10.85,0.00,,"September 18, 2020",0,2020-08-07 3:59PM EDT,"1,504",,,
0.00,8.30,0.00,,"September 18, 2020",0,2020-08-07 3:59PM EDT,"3,791",,,
0.00,6.25,0.00,,"September 18, 2020",0,2020-08-07 3:59PM EDT,"2,509",,,
0.00,4.65,0.00,,"September 18, 2020",0,2020-08-07 3:59PM EDT,"2,142",,,
0.00,19.30,0.00,,"January 21, 2022",0,2020-08-07 10:59AM EDT,3,,,
0.00,22.00,0.00,,"January 21, 2022",0,2020-08-07 12:46PM EDT,3,,,
0.00,23.10,0.00,,"January 21, 2022",0,2020-08-05 9:46AM EDT,2,,,
0.00,25.63,0.00,,"January 21, 2022",0,2020-08-05 9:49AM EDT,1,,,
0.00,30.05,0.00,,"January 21, 2022",0,2020-08-07 1:49PM EDT,244,,,
0.00,40.80,0.00,,"November 20, 2020",0,2020-08-06 2:18PM EDT,20,,,
50.95,48.40,52.40,,"November 20, 2020",5,2020-07-09 10:06AM EDT,2,,,
0.00,65.50,0.00,,"September 16, 2022",0,2020-08-04 3:50PM EDT,3,,,
0.00,71.50,0.00,,"September 16, 2022",0,2020-08-05 9:30AM EDT,2,,,
0.00,77.15,0.00,,"September 16, 2022",0,2020-08-03 11:04AM EDT,9,,,
0.00,84.90,0.00,,"September 16, 2022",0,2020-08-03 11:04AM EDT,6,,,
0.00,0.18,0.00,,"March 19, 2021",0,2020-08-07 3:04PM EDT,10,,,
0.00,0.17,0.00,,"March 19, 2021",0,2020-08-05 2:42PM EDT,1,,,
0.00,0.21,0.00,,"March 19, 2021",0,2020-07-23 1:41PM EDT,5,,,
0.00,0.32,0.00,,"March 19, 2021",0,2020-08-07 11:12AM EDT,2,,,
0.00,0.30,0.00,,"March 19, 2021",0,2020-08-03 1:45PM EDT,1,,,
0.00,0.28,0.00,,"December 18, 2020",0,2020-08-05 9:45AM EDT,4,,,
0.00,0.36,0.00,,"December 18, 2020",0,2020-07-27 3:14PM EDT,1,,,
0.00,0.50,0.00,,"December 18, 2020",0,2020-08-07 2:07PM EDT,3,,,
0.00,0.53,0.00,,"December 18, 2020",0,2020-08-06 3:38PM EDT,3,,,
0.00,0.69,0.00,,"December 18, 2020",0,2020-08-06 12:18PM EDT,2,,,
0.00,0.80,0.00,,"December 18, 2020",0,2020-08-06 3:32PM EDT,1,,,
0.00,30.19,0.00,,"January 15, 2021",0,2020-08-07 3:59PM EDT,68,,,
0.00,27.00,0.00,,"January 15, 2021",0,2020-08-07 3:59PM EDT,245,,,
0.00,23.80,0.00,,"January 15, 2021",0,2020-08-07 2:58PM EDT,11,,,
0.00,21.50,0.00,,"January 15, 2021",0,2020-08-07 3:56PM EDT,581,,,
0.00,21.80,0.00,,"August 28, 2020",0,2020-08-07 12:23PM EDT,7,,,
0.00,18.65,0.00,,"August 28, 2020",0,2020-08-07 3:58PM EDT,11,,,
0.00,16.43,0.00,,"August 28, 2020",0,2020-08-07 3:25PM EDT,25,,,
0.00,14.32,0.00,,"August 28, 2020",0,2020-08-07 3:43PM EDT,192,,,
0.00,9.70,0.00,,"September 11, 2020",0,2020-08-07 3:59PM EDT,269,,,
0.00,8.45,0.00,,"September 11, 2020",0,2020-08-07 3:59PM EDT,349,,,
0.00,7.10,0.00,,"September 11, 2020",0,2020-08-07 3:59PM EDT,252,,,
0.00,6.45,0.00,,"September 11, 2020",0,2020-08-07 3:59PM EDT,222,,,
0.00,5.30,0.00,,"September 11, 2020",0,2020-08-07 3:55PM EDT,119,,,
0.00,0.09,0.00,,"October 16, 2020",0,2020-08-07 10:59AM EDT,4,,,
0.00,0.12,0.00,,"October 16, 2020",0,2020-08-07 10:23AM EDT,3,,,
0.00,0.12,0.00,,"October 16, 2020",0,2020-08-06 10:13AM EDT,1,,,
0.00,0.16,0.00,,"October 16, 2020",0,2020-08-05 10:58AM EDT,20,,,
0.00,0.19,0.00,,"October 16, 2020",0,2020-08-05 12:49PM EDT,1,,,
0.00,0.23,0.00,,"October 16, 2020",0,2020-08-04 2:34PM EDT,1,,,
0.00,0.27,0.00,,"October 16, 2020",0,2020-08-07 11:49AM EDT,1,,,
0.00,36.37,0.00,,"August 21, 2020",0,2020-08-07 1:23PM EDT,7,,,
0.00,34.33,0.00,,"August 21, 2020",0,2020-08-04 12:44PM EDT,1,,,
0.00,32.09,0.00,,"August 21, 2020",0,2020-08-07 3:24PM EDT,60,,,
0.00,31.92,0.00,,"August 21, 2020",0,2020-08-07 11:38AM EDT,5,,,
0.00,27.50,0.00,,"August 21, 2020",0,2020-08-07 3:59PM EDT,114,,,
0.00,25.00,0.00,,"August 21, 2020",0,2020-08-07 1:03PM EDT,11,,,
0.00,22.60,0.00,,"August 21, 2020",0,2020-08-07 3:59PM EDT,130,,,
0.00,22.86,0.00,,"September 4, 2020",0,2020-08-07 2:20PM EDT,5,,,
0.00,22.50,0.00,,"September 4, 2020",0,2020-08-06 11:39AM EDT,19,,,
0.00,18.85,0.00,,"September 4, 2020",0,2020-08-07 1:57PM EDT,1,,,
0.00,17.22,0.00,,"September 4, 2020",0,2020-08-07 1:43PM EDT,2,,,
0.00,15.05,0.00,,"September 4, 2020",0,2020-08-07 3:18PM EDT,75,,,
0.00,13.09,0.00,,"September 4, 2020",0,2020-08-07 3:00PM EDT,37,,,
0.00,11.60,0.00,,"September 4, 2020",0,2020-08-07 3:59PM EDT,16,,,
0.00,3.40,0.00,,"September 18, 2020",0,2020-08-07 3:59PM EDT,"4,482",,,
0.00,2.48,0.00,,"September 18, 2020",0,2020-08-07 3:59PM EDT,"1,187",,,
0.00,1.82,0.00,,"September 18, 2020",0,2020-08-07 3:59PM EDT,"1,445",,,
0.00,1.40,0.00,,"September 18, 2020",0,2020-08-07 3:58PM EDT,544,,,
0.00,1.07,0.00,,"September 18, 2020",0,2020-08-07 3:59PM EDT,"1,328",,,
0.00,0.85,0.00,,"September 18, 2020",0,2020-08-07 3:54PM EDT,210,,,
0.00,35.30,0.00,,"January 21, 2022",0,2020-08-07 2:26PM EDT,31,,,
0.00,39.25,0.00,,"January 21, 2022",0,2020-08-07 12:45PM EDT,234,,,
0.00,45.74,0.00,,"January 21, 2022",0,2020-08-07 12:55PM EDT,98,,,
0.00,52.75,0.00,,"January 21, 2022",0,2020-08-07 3:01PM EDT,48,,,
0.00,56.75,0.00,,"January 21, 2022",0,2020-08-04 10:28AM EDT,8,,,
0.00,109.40,0.00,,"September 16, 2022",0,2020-07-27 12:59PM EDT,1,,,
0.00,117.80,0.00,,"September 16, 2022",0,2020-07-17 12:04PM EDT,-,,,
0.00,119.29,0.00,,"September 16, 2022",0,2020-08-05 11:39AM EDT,2,,,
0.00,0.47,0.00,,"March 19, 2021",0,2020-07-13 10:28AM EDT,1,,,
0.00,0.46,0.00,,"March 19, 2021",0,2020-08-04 9:52AM EDT,1,,,
0.00,0.63,0.00,,"March 19, 2021",0,2020-07-31 10:43AM EDT,5,,,
0.00,0.87,0.00,,"March 19, 2021",0,2020-08-07 2:08PM EDT,5,,,
0.00,1.00,0.00,,"March 19, 2021",0,2020-08-06 3:00PM EDT,1,,,
0.00,1.05,0.00,,"March 19, 2021",0,2020-08-05 9:58AM EDT,2,,,
0.00,1.11,0.00,,"December 18, 2020",0,2020-08-07 3:45PM EDT,2,,,
0.00,1.35,0.00,,"December 18, 2020",0,2020-08-07 1:14PM EDT,9,,,
0.00,1.71,0.00,,"December 18, 2020",0,2020-08-07 3:26PM EDT,35,,,
0.00,2.12,0.00,,"December 18, 2020",0,2020-08-07 2:56PM EDT,21,,,
0.00,2.50,0.00,,"December 18, 2020",0,2020-08-07 3:58PM EDT,30,,,
0.00,2.70,0.00,,"December 18, 2020",0,2020-08-07 11:29AM EDT,20,,,
0.00,19.00,0.00,,"January 15, 2021",0,2020-08-07 3:59PM EDT,191,,,
0.00,16.75,0.00,,"January 15, 2021",0,2020-08-07 3:59PM EDT,"4,179",,,
0.00,14.65,0.00,,"January 15, 2021",0,2020-08-07 3:57PM EDT,297,,,
0.00,12.80,0.00,,"January 15, 2021",0,2020-08-07 3:59PM EDT,906,,,
0.00,12.50,0.00,,"August 28, 2020",0,2020-08-07 3:54PM EDT,42,,,
0.00,10.60,0.00,,"August 28, 2020",0,2020-08-07 3:59PM EDT,82,,,
0.00,9.40,0.00,,"August 28, 2020",0,2020-08-07 3:49PM EDT,27,,,
0.00,4.50,0.00,,"September 11, 2020",0,2020-08-07 3:47PM EDT,139,,,
0.00,3.80,0.00,,"September 11, 2020",0,2020-08-07 3:44PM EDT,99,,,
0.00,3.23,0.00,,"September 11, 2020",0,2020-08-07 3:59PM EDT,40,,,
0.00,2.76,0.00,,"September 11, 2020",0,2020-08-07 3:58PM EDT,206,,,
0.00,2.28,0.00,,"September 11, 2020",0,2020-08-07 3:59PM EDT,7,,,
0.00,1.96,0.00,,"September 11, 2020",0,2020-08-07 3:59PM EDT,275,,,
0.00,0.37,0.00,,"October 16, 2020",0,2020-08-07 3:37PM EDT,14,,,
0.00,0.44,0.00,,"October 16, 2020",0,2020-08-07 3:47PM EDT,1,,,
0.00,0.59,0.00,,"October 16, 2020",0,2020-08-07 1:29PM EDT,2,,,
0.00,0.76,0.00,,"October 16, 2020",0,2020-08-07 2:53PM EDT,4,,,
0.00,0.98,0.00,,"October 16, 2020",0,2020-08-07 3:47PM EDT,27,,,
0.00,20.20,0.00,,"August 21, 2020",0,2020-08-07 3:55PM EDT,1,,,
0.00,18.40,0.00,,"August 21, 2020",0,2020-08-07 3:50PM EDT,85,,,
0.00,15.60,0.00,,"August 21, 2020",0,2020-08-07 3:10PM EDT,52,,,
0.00,13.40,0.00,,"August 21, 2020",0,2020-08-07 3:59PM EDT,557,,,
0.00,10.37,0.00,,"September 4, 2020",0,2020-08-07 3:47PM EDT,68,,,
0.00,8.70,0.00,,"September 4, 2020",0,2020-08-07 3:56PM EDT,318,,,
0.00,7.45,0.00,,"September 4, 2020",0,2020-08-07 3:59PM EDT,748,,,
0.00,6.35,0.00,,"September 4, 2020",0,2020-08-07 3:59PM EDT,"1,117",,,
0.00,5.30,0.00,,"September 4, 2020",0,2020-08-07 3:58PM EDT,368,,,
0.00,4.50,0.00,,"September 4, 2020",0,2020-08-07 3:58PM EDT,430,,,
0.00,0.68,0.00,,"September 18, 2020",0,2020-08-07 3:50PM EDT,571,,,
0.00,0.60,0.00,,"September 18, 2020",0,2020-08-07 3:54PM EDT,229,,,
0.00,0.52,0.00,,"September 18, 2020",0,2020-08-07 3:58PM EDT,183,,,
0.00,0.45,0.00,,"September 18, 2020",0,2020-08-07 3:32PM EDT,75,,,
0.00,0.39,0.00,,"September 18, 2020",0,2020-08-07 3:37PM EDT,99,,,
0.00,68.20,0.00,,"January 21, 2022",0,2020-07-15 1:25PM EDT,1,,,
0.00,84.08,0.00,,"January 21, 2022",30,2020-07-09 4:58PM EDT,1,,,
0.00,86.68,0.00,,"January 21, 2022",0,2020-07-27 1:29PM EDT,1,,,
0.00,87.38,0.00,,"January 21, 2022",0,2020-08-03 10:23AM EDT,251,,,
0.00,1.45,0.00,,"March 19, 2021",0,2020-08-06 2:08PM EDT,5,,,
0.00,1.75,0.00,,"March 19, 2021",0,2020-08-06 3:33PM EDT,12,,,
0.00,2.44,0.00,,"March 19, 2021",0,2020-08-07 1:47PM EDT,1,,,
0.00,2.64,0.00,,"March 19, 2021",0,2020-07-30 10:45AM EDT,81,,,
0.00,3.65,0.00,,"December 18, 2020",0,2020-08-07 3:53PM EDT,32,,,
0.00,4.44,0.00,,"December 18, 2020",0,2020-08-07 1:28PM EDT,20,,,
0.00,5.40,0.00,,"December 18, 2020",0,2020-08-07 2:20PM EDT,15,,,
0.00,6.20,0.00,,"December 18, 2020",0,2020-08-07 1:10PM EDT,9,,,
0.00,7.40,0.00,,"December 18, 2020",0,2020-08-07 3:53PM EDT,37,,,
0.00,8.85,0.00,,"December 18, 2020",0,2020-08-07 2:48PM EDT,75,,,
0.00,11.15,0.00,,"January 15, 2021",0,2020-08-07 3:59PM EDT,"12,648",,,
0.00,9.75,0.00,,"January 15, 2021",0,2020-08-07 3:59PM EDT,"1,559",,,
0.00,8.40,0.00,,"January 15, 2021",0,2020-08-07 3:53PM EDT,297,,,
0.00,7.22,0.00,,"January 15, 2021",0,2020-08-07 3:59PM EDT,"1,114",,,
0.00,5.40,0.00,,"January 15, 2021",0,2020-08-07 3:55PM EDT,139,,,
0.00,4.00,0.00,,"January 15, 2021",0,2020-08-07 3:53PM EDT,469,,,
0.00,7.65,0.00,,"August 28, 2020",0,2020-08-07 3:59PM EDT,438,,,
0.00,6.22,0.00,,"August 28, 2020",0,2020-08-07 3:59PM EDT,866,,,
0.00,5.15,0.00,,"August 28, 2020",0,2020-08-07 3:59PM EDT,"1,275",,,
0.00,4.19,0.00,,"August 28, 2020",0,2020-08-07 3:59PM EDT,378,,,
0.00,3.40,0.00,,"August 28, 2020",0,2020-08-07 3:59PM EDT,"2,357",,,
0.00,2.74,0.00,,"August 28, 2020",0,2020-08-07 3:56PM EDT,330,,,
0.00,2.24,0.00,,"August 28, 2020",0,2020-08-07 3:58PM EDT,440,,,
0.00,1.86,0.00,,"August 28, 2020",0,2020-08-07 3:59PM EDT,130,,,
0.00,1.63,0.00,,"September 11, 2020",0,2020-08-07 3:20PM EDT,19,,,
0.00,1.41,0.00,,"September 11, 2020",0,2020-08-07 3:59PM EDT,860,,,
0.00,1.09,0.00,,"September 11, 2020",0,2020-08-07 3:59PM EDT,592,,,
0.00,0.62,0.00,,"September 11, 2020",0,2020-08-07 3:58PM EDT,15,,,
0.00,0.88,0.00,,"September 11, 2020",0,2020-08-07 3:02PM EDT,12,,,
0.00,1.01,0.00,,"September 11, 2020",0,2020-08-07 3:41PM EDT,6,,,
0.00,1.22,0.00,,"September 11, 2020",0,2020-08-07 2:48PM EDT,28,,,
0.00,1.37,0.00,,"September 11, 2020",0,2020-08-07 3:58PM EDT,268,,,
0.00,1.70,0.00,,"September 11, 2020",0,2020-08-07 2:53PM EDT,261,,,
0.00,1.21,0.00,,"October 16, 2020",0,2020-08-07 2:13PM EDT,102,,,
0.00,1.54,0.00,,"October 16, 2020",0,2020-08-07 3:59PM EDT,195,,,
0.00,1.96,0.00,,"October 16, 2020",0,2020-08-07 3:59PM EDT,49,,,
0.00,2.62,0.00,,"October 16, 2020",0,2020-08-07 3:33PM EDT,13,,,
0.00,3.20,0.00,,"October 16, 2020",0,2020-08-07 3:21PM EDT,86,,,
0.00,4.05,0.00,,"October 16, 2020",0,2020-08-07 3:54PM EDT,116,,,
0.00,5.20,0.00,,"October 16, 2020",0,2020-08-07 3:34PM EDT,75,,,
0.00,11.35,0.00,,"August 21, 2020",0,2020-08-07 3:55PM EDT,116,,,
0.00,9.62,0.00,,"August 21, 2020",0,2020-08-07 3:44PM EDT,"2,140",,,
0.00,7.65,0.00,,"August 21, 2020",0,2020-08-07 3:59PM EDT,273,,,
0.00,6.25,0.00,,"August 21, 2020",0,2020-08-07 3:59PM EDT,"2,871",,,
0.00,5.00,0.00,,"August 21, 2020",0,2020-08-07 3:59PM EDT,"3,587",,,
0.00,3.75,0.00,,"August 21, 2020",0,2020-08-07 3:59PM EDT,"6,661",,,
0.00,3.76,0.00,,"September 4, 2020",0,2020-08-07 3:52PM EDT,140,,,
0.00,3.10,0.00,,"September 4, 2020",0,2020-08-07 3:52PM EDT,401,,,
0.00,2.60,0.00,,"September 4, 2020",0,2020-08-07 3:52PM EDT,135,,,
0.00,2.25,0.00,,"September 4, 2020",0,2020-08-07 3:59PM EDT,217,,,
0.00,1.89,0.00,,"September 4, 2020",0,2020-08-07 3:50PM EDT,61,,,
0.00,1.56,0.00,,"September 4, 2020",0,2020-08-07 3:56PM EDT,53,,,
0.00,1.31,0.00,,"September 4, 2020",0,2020-08-07 3:40PM EDT,76,,,
0.00,1.11,0.00,,"September 4, 2020",0,2020-08-07 3:19PM EDT,62,,,
0.00,0.38,0.00,,"September 18, 2020",0,2020-08-07 3:59PM EDT,86,,,
0.00,0.35,0.00,,"September 18, 2020",0,2020-08-07 3:59PM EDT,79,,,
0.00,0.30,0.00,,"September 18, 2020",0,2020-08-07 3:36PM EDT,54,,,
0.00,0.29,0.00,,"September 18, 2020",0,2020-08-07 3:49PM EDT,211,,,
0.00,3.50,0.00,,"March 19, 2021",0,2020-08-07 2:48PM EDT,29,,,
0.00,2.80,0.00,,"March 19, 2021",0,2020-08-03 3:55PM EDT,4,,,
0.00,4.50,0.00,,"March 19, 2021",0,2020-08-06 12:01PM EDT,73,,,
0.00,5.00,0.00,,"March 19, 2021",0,2020-08-06 2:05PM EDT,575,,,
0.00,6.60,0.00,,"March 19, 2021",0,2020-08-07 2:53PM EDT,113,,,
0.00,7.50,0.00,,"March 19, 2021",0,2020-08-07 3:40PM EDT,2,,,
0.00,10.47,0.00,,"December 18, 2020",0,2020-08-07 2:38PM EDT,44,,,
0.00,12.00,0.00,,"December 18, 2020",0,2020-08-07 3:20PM EDT,5,,,
0.00,14.20,0.00,,"December 18, 2020",0,2020-08-07 2:29PM EDT,134,,,
0.00,15.00,0.00,,"December 18, 2020",0,2020-08-07 12:00PM EDT,1,,,
0.00,2.97,0.00,,"January 15, 2021",0,2020-08-07 3:55PM EDT,574,,,
0.00,0.04,0.00,,"January 15, 2021",0,2020-08-07 12:55PM EDT,6,,,
0.00,0.04,0.00,,"January 15, 2021",0,2020-08-06 12:36PM EDT,1,,,
0.00,0.10,0.00,,"January 15, 2021",0,2020-08-07 3:54PM EDT,32,,,
0.00,0.09,0.00,,"January 15, 2021",0,2020-07-31 3:50PM EDT,4,,,
0.00,1.53,0.00,,"August 28, 2020",0,2020-08-07 3:59PM EDT,438,,,
0.00,1.24,0.00,,"August 28, 2020",0,2020-08-07 3:59PM EDT,91,,,
0.00,1.03,0.00,,"August 28, 2020",0,2020-08-07 3:59PM EDT,339,,,
0.00,0.88,0.00,,"August 28, 2020",0,2020-08-07 3:58PM EDT,59,,,
0.00,0.72,0.00,,"August 28, 2020",0,2020-08-07 3:57PM EDT,"1,132",,,
0.00,0.58,0.00,,"August 28, 2020",0,2020-08-07 3:44PM EDT,123,,,
0.00,2.00,0.00,,"September 11, 2020",0,2020-08-07 2:39PM EDT,5,,,
0.00,2.18,0.00,,"September 11, 2020",0,2020-08-07 3:58PM EDT,36,,,
0.00,2.60,0.00,,"September 11, 2020",0,2020-08-07 3:59PM EDT,28,,,
0.00,3.26,0.00,,"September 11, 2020",0,2020-08-07 2:39PM EDT,29,,,
0.00,6.45,0.00,,"October 16, 2020",0,2020-08-07 3:53PM EDT,205,,,
0.00,8.01,0.00,,"October 16, 2020",0,2020-08-07 3:53PM EDT,200,,,
0.00,9.95,0.00,,"October 16, 2020",0,2020-08-07 3:59PM EDT,113,,,
0.00,12.10,0.00,,"October 16, 2020",0,2020-08-07 3:42PM EDT,147,,,
0.00,2.93,0.00,,"August 21, 2020",0,2020-08-07 3:59PM EDT,"1,371",,,
0.00,2.24,0.00,,"August 21, 2020",0,2020-08-07 3:59PM EDT,"7,953",,,
0.00,1.70,0.00,,"August 21, 2020",0,2020-08-07 3:59PM EDT,859,,,
0.00,1.33,0.00,,"August 21, 2020",0,2020-08-07 3:59PM EDT,"2,471",,,
0.00,1.04,0.00,,"August 21, 2020",0,2020-08-07 3:59PM EDT,487,,,
0.00,0.82,0.00,,"August 21, 2020",0,2020-08-07 3:59PM EDT,"3,327",,,
0.00,0.82,0.00,,"September 4, 2020",0,2020-08-07 3:31PM EDT,70,,,
0.00,0.59,0.00,,"September 4, 2020",0,2020-08-07 3:54PM EDT,128,,,
0.00,0.56,0.00,,"September 4, 2020",0,2020-08-07 3:56PM EDT,38,,,
0.00,0.45,0.00,,"September 4, 2020",0,2020-08-07 3:03PM EDT,25,,,
0.00,0.34,0.00,,"September 4, 2020",0,2020-08-07 1:10PM EDT,18,,,
0.00,0.35,0.00,,"September 4, 2020",0,2020-08-07 3:40PM EDT,8,,,
0.00,0.27,0.00,,"September 18, 2020",0,2020-08-07 3:55PM EDT,315,,,
0.00,0.03,0.00,,"September 18, 2020",0,2020-08-07 3:29PM EDT,4,,,
0.00,0.02,0.00,,"September 18, 2020",0,2020-07-27 11:28AM EDT,40,,,
0.00,0.04,0.00,,"September 18, 2020",0,2020-07-21 9:30AM EDT,8,,,
0.00,8.75,0.00,,"March 19, 2021",0,2020-08-07 3:34PM EDT,14,,,
0.00,9.37,0.00,,"March 19, 2021",0,2020-08-07 12:13PM EDT,1,,,
0.00,11.63,0.00,,"March 19, 2021",0,2020-08-07 1:57PM EDT,17,,,
0.00,13.00,0.00,,"March 19, 2021",0,2020-08-07 1:33PM EDT,41,,,
0.00,18.40,0.00,,"December 18, 2020",0,2020-08-07 2:56PM EDT,116,,,
0.00,21.00,0.00,,"December 18, 2020",0,2020-08-07 2:03PM EDT,13,,,
0.00,21.70,0.00,,"December 18, 2020",0,2020-08-06 2:50PM EDT,4,,,
0.00,24.30,0.00,,"December 18, 2020",0,2020-08-06 3:24PM EDT,-,,,
0.00,29.10,0.00,,"December 18, 2020",0,2020-08-05 2:41PM EDT,2,,,
0.00,32.10,0.00,,"December 18, 2020",0,2020-08-06 12:27PM EDT,-,,,
0.00,0.10,0.00,,"January 15, 2021",0,2020-08-04 2:14PM EDT,1,,,
0.00,0.15,0.00,,"January 15, 2021",0,2020-08-06 3:19PM EDT,1,,,
0.00,0.18,0.00,,"January 15, 2021",0,2020-07-27 11:59AM EDT,2,,,
0.00,0.20,0.00,,"January 15, 2021",0,2020-08-04 1:52PM EDT,10,,,
0.00,0.24,0.00,,"January 15, 2021",0,2020-08-05 11:25AM EDT,201,,,
0.00,0.30,0.00,,"January 15, 2021",0,2020-07-28 1:19PM EDT,19,,,
0.00,0.35,0.00,,"January 15, 2021",0,2020-08-05 2:48PM EDT,2,,,
0.00,0.45,0.00,,"August 28, 2020",0,2020-08-07 3:56PM EDT,240,,,
0.00,0.39,0.00,,"August 28, 2020",0,2020-08-07 3:49PM EDT,46,,,
0.00,0.29,0.00,,"August 28, 2020",0,2020-08-07 3:59PM EDT,75,,,
0.00,0.26,0.00,,"August 28, 2020",0,2020-08-07 3:59PM EDT,10,,,
0.00,0.22,0.00,,"August 28, 2020",0,2020-08-07 1:35PM EDT,4,,,
0.00,0.20,0.00,,"August 28, 2020",0,2020-08-07 3:11PM EDT,30,,,
0.00,3.58,0.00,,"September 11, 2020",0,2020-08-07 3:59PM EDT,25,,,
0.00,4.34,0.00,,"September 11, 2020",0,2020-08-07 3:27PM EDT,131,,,
0.00,4.99,0.00,,"September 11, 2020",0,2020-08-07 3:57PM EDT,31,,,
0.00,5.93,0.00,,"September 11, 2020",0,2020-08-07 3:23PM EDT,92,,,
0.00,6.75,0.00,,"September 11, 2020",0,2020-08-07 3:57PM EDT,30,,,
0.00,7.92,0.00,,"September 11, 2020",0,2020-08-07 3:03PM EDT,35,,,
0.00,14.55,0.00,,"October 16, 2020",0,2020-08-07 3:59PM EDT,303,,,
0.00,17.65,0.00,,"October 16, 2020",0,2020-08-07 2:02PM EDT,25,,,
0.00,20.75,0.00,,"October 16, 2020",0,2020-08-07 1:35PM EDT,3,,,
0.00,22.35,0.00,,"October 16, 2020",0,2020-08-07 9:33AM EDT,1,,,
0.00,30.71,0.00,,"October 16, 2020",0,2020-08-04 9:50AM EDT,2,,,
0.00,0.71,0.00,,"August 21, 2020",-,2020-08-07 3:56PM EDT,172,,,
0.00,0.57,0.00,,"August 21, 2020",0,2020-08-07 3:57PM EDT,901,,,
0.00,0.48,0.00,,"August 21, 2020",-,2020-08-07 3:59PM EDT,60,,,
0.00,0.41,0.00,,"August 21, 2020",0,2020-08-07 3:59PM EDT,"1,277",,,
0.00,0.33,0.00,,"September 4, 2020",0,2020-08-07 3:48PM EDT,14,,,
0.00,0.26,0.00,,"September 4, 2020",0,2020-08-07 3:45PM EDT,6,,,
0.00,0.19,0.00,,"September 4, 2020",0,2020-08-07 1:20PM EDT,2,,,
0.00,0.22,0.00,,"September 4, 2020",0,2020-08-07 12:42PM EDT,11,,,
0.00,0.13,0.00,,"September 4, 2020",0,2020-08-07 12:57PM EDT,12,,,
0.00,0.17,0.00,,"September 4, 2020",0,2020-08-07 2:03PM EDT,41,,,
0.00,0.02,0.00,,"September 18, 2020",0,2020-08-03 11:57AM EDT,4,,,
0.00,0.02,0.00,,"September 18, 2020",0,2020-08-03 3:56PM EDT,300,,,
0.00,0.02,0.00,,"September 18, 2020",0,2020-08-03 3:49PM EDT,75,,,
0.00,0.06,0.00,,"September 18, 2020",0,2020-08-03 9:59AM EDT,5,,,
0.00,0.03,0.00,,"September 18, 2020",0,2020-08-07 3:16PM EDT,3,,,
0.00,0.03,0.00,,"September 18, 2020",0,2020-08-07 2:36PM EDT,2,,,
0.00,14.95,0.00,,"March 19, 2021",0,2020-08-07 3:34PM EDT,2,,,
0.00,17.05,0.00,,"March 19, 2021",0,2020-08-07 2:19PM EDT,2,,,
0.00,18.75,0.00,,"March 19, 2021",0,2020-08-07 3:42PM EDT,8,,,
0.00,20.35,0.00,,"March 19, 2021",0,2020-08-07 12:45PM EDT,49,,,
0.00,23.35,0.00,,"March 19, 2021",0,2020-08-07 3:42PM EDT,50,,,
0.00,25.92,0.00,,"March 19, 2021",0,2020-08-07 3:55PM EDT,3,,,
0.00,35.56,0.00,,"December 18, 2020",0,2020-08-06 10:29AM EDT,3,,,
0.00,41.20,0.00,,"December 18, 2020",0,2020-08-06 3:20PM EDT,5,,,
50.15,53.45,51.25,,"December 18, 2020",8,2020-07-08 9:34AM EDT,4,,,
0.00,63.00,0.00,,"December 18, 2020",0,2020-08-04 11:25AM EDT,1,,,
0.00,0.30,0.00,,"January 15, 2021",0,2020-08-03 2:05PM EDT,1,,,
0.00,0.45,0.00,,"January 15, 2021",0,2020-08-07 3:49PM EDT,263,,,
0.00,0.55,0.00,,"January 15, 2021",0,2020-08-07 10:11AM EDT,15,,,
0.00,0.67,0.00,,"January 15, 2021",0,2020-08-07 3:37PM EDT,22,,,
0.00,0.80,0.00,,"January 15, 2021",0,2020-08-07 1:05PM EDT,11,,,
0.00,0.18,0.00,,"August 28, 2020",0,2020-08-07 3:17PM EDT,15,,,
0.00,0.16,0.00,,"August 28, 2020",0,2020-08-07 12:47PM EDT,15,,,
0.00,0.12,0.00,,"August 28, 2020",0,2020-08-07 3:57PM EDT,102,,,
0.00,0.12,0.00,,"August 28, 2020",0,2020-08-07 3:48PM EDT,69,,,
0.00,0.12,0.00,,"August 28, 2020",0,2020-08-07 3:41PM EDT,33,,,
0.00,0.23,0.00,,"August 28, 2020",0,2020-08-07 3:38PM EDT,28,,,
0.00,8.85,0.00,,"September 11, 2020",0,2020-08-07 3:46PM EDT,61,,,
0.00,10.13,0.00,,"September 11, 2020",0,2020-08-07 3:46PM EDT,23,,,
0.00,11.76,0.00,,"September 11, 2020",0,2020-08-07 3:57PM EDT,63,,,
0.00,11.30,0.00,,"September 11, 2020",0,2020-08-06 2:37PM EDT,1,,,
0.00,12.80,0.00,,"September 11, 2020",0,2020-08-06 3:15PM EDT,2,,,
0.00,14.84,0.00,,"September 11, 2020",0,2020-08-06 3:15PM EDT,1,,,
0.00,40.51,0.00,,"October 16, 2020",0,2020-08-07 1:08PM EDT,2,,,
0.00,56.00,0.00,,"October 16, 2020",0,2020-07-14 1:05PM EDT,2,,,
0.00,0.32,0.00,,"August 21, 2020",0,2020-08-07 3:57PM EDT,292,,,
0.00,0.26,0.00,,"August 21, 2020",0,2020-08-07 3:52PM EDT,759,,,
0.00,0.20,0.00,,"August 21, 2020",0,2020-08-07 3:59PM EDT,156,,,
0.00,0.18,0.00,,"August 21, 2020",0,2020-08-07 3:35PM EDT,187,,,
0.00,0.16,0.00,,"August 21, 2020",0,2020-08-07 3:58PM EDT,135,,,
0.00,0.50,0.00,,"September 4, 2020",0,2020-08-07 2:27PM EDT,19,,,
0.00,0.62,0.00,,"September 4, 2020",0,2020-08-07 3:48PM EDT,16,,,
0.00,0.74,0.00,,"September 4, 2020",0,2020-08-07 3:41PM EDT,2,,,
0.00,0.90,0.00,,"September 4, 2020",0,2020-08-07 3:49PM EDT,23,,,
0.00,0.98,0.00,,"September 4, 2020",0,2020-08-07 3:50PM EDT,13,,,
0.00,1.17,0.00,,"September 4, 2020",0,2020-08-07 3:51PM EDT,190,,,
0.00,0.02,0.00,,"September 18, 2020",0,2020-08-03 1:56PM EDT,1,,,
0.00,0.03,0.00,,"September 18, 2020",0,2020-08-07 10:51AM EDT,10,,,
0.00,0.05,0.00,,"September 18, 2020",0,2020-08-05 2:40PM EDT,1,,,
0.00,28.40,0.00,,"March 19, 2021",0,2020-08-07 1:38PM EDT,1,,,
0.00,33.14,0.00,,"March 19, 2021",0,2020-08-06 1:41PM EDT,3,,,
0.00,40.26,0.00,,"March 19, 2021",0,2020-08-06 11:28AM EDT,3,,,
47.80,47.00,49.20,,"March 19, 2021",16,2020-07-09 11:02AM EDT,2,,,
55.65,53.64,57.05,,"March 19, 2021",8,2020-07-09 1:41PM EDT,1,,,
0.00,0.98,0.00,,"January 15, 2021",0,2020-08-07 12:52PM EDT,10,,,
0.00,1.17,0.00,,"January 15, 2021",0,2020-08-07 1:16PM EDT,16,,,
0.00,1.51,0.00,,"January 15, 2021",0,2020-08-07 1:50PM EDT,4,,,
0.00,1.71,0.00,,"January 15, 2021",0,2020-08-06 12:10PM EDT,29,,,
0.00,2.20,0.00,,"January 15, 2021",0,2020-08-07 3:34PM EDT,28,,,
0.00,2.75,0.00,,"January 15, 2021",0,2020-08-07 2:27PM EDT,47,,,
0.00,0.32,0.00,,"August 28, 2020",0,2020-08-07 3:44PM EDT,27,,,
0.00,0.30,0.00,,"August 28, 2020",0,2020-08-05 10:46AM EDT,9,,,
0.00,0.49,0.00,,"August 28, 2020",0,2020-08-07 3:55PM EDT,454,,,
0.00,0.62,0.00,,"August 28, 2020",0,2020-08-07 3:27PM EDT,65,,,
0.00,0.76,0.00,,"August 28, 2020",0,2020-08-07 2:52PM EDT,80,,,
0.00,0.98,0.00,,"August 28, 2020",0,2020-08-07 2:23PM EDT,32,,,
0.00,18.81,0.00,,"September 11, 2020",0,2020-08-07 3:59PM EDT,5,,,
0.00,19.23,0.00,,"September 11, 2020",0,2020-08-07 11:56AM EDT,14,,,
0.00,23.75,0.00,,"September 11, 2020",0,2020-08-05 9:58AM EDT,-,,,
0.00,0.14,0.00,,"August 21, 2020",0,2020-08-07 3:01PM EDT,58,,,
0.00,0.11,0.00,,"August 21, 2020",0,2020-08-07 3:27PM EDT,227,,,
0.00,0.08,0.00,,"August 21, 2020",0,2020-08-07 3:01PM EDT,69,,,
0.00,0.09,0.00,,"August 21, 2020",0,2020-08-07 1:04PM EDT,19,,,
0.00,0.07,0.00,,"August 21, 2020",0,2020-08-07 3:59PM EDT,59,,,
0.00,0.05,0.00,,"August 21, 2020",0,2020-08-07 3:16PM EDT,37,,,
0.00,1.32,0.00,,"September 4, 2020",0,2020-08-07 3:52PM EDT,86,,,
0.00,1.64,0.00,,"September 4, 2020",0,2020-08-07 3:52PM EDT,506,,,
0.00,2.00,0.00,,"September 4, 2020",0,2020-08-07 3:59PM EDT,223,,,
0.00,2.40,0.00,,"September 4, 2020",0,2020-08-07 3:59PM EDT,434,,,
0.00,2.83,0.00,,"September 4, 2020",0,2020-08-07 3:55PM EDT,246,,,
0.00,3.39,0.00,,"September 4, 2020",0,2020-08-07 3:56PM EDT,673,,,
0.00,4.05,0.00,,"September 4, 2020",0,2020-08-07 3:58PM EDT,229,,,
0.00,4.85,0.00,,"September 4, 2020",0,2020-08-07 3:59PM EDT,404,,,
0.00,5.82,0.00,,"September 4, 2020",0,2020-08-07 3:55PM EDT,35,,,
0.00,0.06,0.00,,"September 18, 2020",0,2020-08-07 10:51AM EDT,18,,,
0.00,0.09,0.00,,"September 18, 2020",0,2020-08-07 2:16PM EDT,1,,,
0.00,0.10,0.00,,"September 18, 2020",0,2020-08-07 12:08PM EDT,9,,,
0.00,0.11,0.00,,"September 18, 2020",0,2020-08-07 12:27PM EDT,10,,,
0.00,0.18,0.00,,"September 18, 2020",0,2020-08-07 3:26PM EDT,8,,,
0.00,0.23,0.00,,"September 18, 2020",0,2020-08-07 3:52PM EDT,141,,,
0.00,87.30,0.00,,"March 19, 2021",2,2020-07-09 4:58PM EDT,8,,,
0.00,115.80,0.00,,"March 19, 2021",10,2020-07-09 4:58PM EDT,2,,,
0.00,3.25,0.00,,"January 15, 2021",0,2020-08-07 3:50PM EDT,92,,,
0.00,3.85,0.00,,"January 15, 2021",0,2020-08-07 3:25PM EDT,739,,,
0.00,4.60,0.00,,"January 15, 2021",0,2020-08-07 3:03PM EDT,107,,,
0.00,5.45,0.00,,"January 15, 2021",0,2020-08-07 3:02PM EDT,230,,,
0.00,6.40,0.00,,"January 15, 2021",0,2020-08-07 3:50PM EDT,265,,,
0.00,1.03,0.00,,"August 28, 2020",0,2020-08-07 3:59PM EDT,364,,,
0.00,1.30,0.00,,"August 28, 2020",0,2020-08-07 3:59PM EDT,203,,,
0.00,1.62,0.00,,"August 28, 2020",0,2020-08-07 3:59PM EDT,891,,,
0.00,1.96,0.00,,"August 28, 2020",0,2020-08-07 3:53PM EDT,180,,,
0.00,2.46,0.00,,"August 28, 2020",0,2020-08-07 3:57PM EDT,430,,,
0.00,3.04,0.00,,"August 28, 2020",0,2020-08-07 3:55PM EDT,120,,,
0.00,28.10,0.00,,"September 11, 2020",0,2020-08-05 9:52AM EDT,-,,,
0.00,0.05,0.00,,"August 21, 2020",0,2020-08-07 3:46PM EDT,78,,,
0.00,0.04,0.00,,"August 21, 2020",0,2020-08-07 3:51PM EDT,3,,,
0.00,0.04,0.00,,"August 21, 2020",0,2020-08-07 3:41PM EDT,107,,,
0.00,0.05,0.00,,"August 21, 2020",0,2020-08-06 3:56PM EDT,32,,,
0.00,0.08,0.00,,"August 21, 2020",0,2020-08-07 3:21PM EDT,23,,,
0.00,0.10,0.00,,"August 21, 2020",0,2020-08-07 3:50PM EDT,17,,,
0.00,0.11,0.00,,"August 21, 2020",0,2020-08-07 3:34PM EDT,354,,,
0.00,6.80,0.00,,"September 4, 2020",0,2020-08-07 3:45PM EDT,110,,,
0.00,8.10,0.00,,"September 4, 2020",0,2020-08-07 3:55PM EDT,62,,,
0.00,9.20,0.00,,"September 4, 2020",0,2020-08-07 3:50PM EDT,120,,,
0.00,9.61,0.00,,"September 4, 2020",0,2020-08-07 9:36AM EDT,11,,,
0.00,11.60,0.00,,"September 4, 2020",0,2020-08-07 12:18PM EDT,6,,,
0.00,12.76,0.00,,"September 4, 2020",0,2020-08-07 11:25AM EDT,1,,,
0.00,0.28,0.00,,"September 18, 2020",0,2020-08-07 3:00PM EDT,164,,,
0.00,0.31,0.00,,"September 18, 2020",0,2020-08-07 10:14AM EDT,5,,,
0.00,0.47,0.00,,"September 18, 2020",0,2020-08-07 3:44PM EDT,28,,,
0.00,0.62,0.00,,"September 18, 2020",0,2020-08-07 3:46PM EDT,50,,,
0.00,7.45,0.00,,"January 15, 2021",0,2020-08-07 3:50PM EDT,154,,,
0.00,8.60,0.00,,"January 15, 2021",0,2020-08-07 3:46PM EDT,69,,,
0.00,10.15,0.00,,"January 15, 2021",0,2020-08-07 3:24PM EDT,115,,,
0.00,11.70,0.00,,"January 15, 2021",0,2020-08-07 3:39PM EDT,440,,,
0.00,3.75,0.00,,"August 28, 2020",0,2020-08-07 3:59PM EDT,521,,,
0.00,4.60,0.00,,"August 28, 2020",0,2020-08-07 3:58PM EDT,129,,,
0.00,5.70,0.00,,"August 28, 2020",0,2020-08-07 3:59PM EDT,"1,757",,,
0.00,7.20,0.00,,"August 28, 2020",0,2020-08-07 3:10PM EDT,74,,,
0.00,8.30,0.00,,"August 28, 2020",0,2020-08-07 3:59PM EDT,129,,,
0.00,9.80,0.00,,"August 28, 2020",0,2020-08-07 3:59PM EDT,56,,,
0.00,0.15,0.00,,"August 21, 2020",0,2020-08-07 3:59PM EDT,92,,,
0.00,0.18,0.00,,"August 21, 2020",0,2020-08-07 1:30PM EDT,83,,,
0.00,0.19,0.00,,"August 21, 2020",0,2020-08-07 3:55PM EDT,690,,,
0.00,0.27,0.00,,"August 21, 2020",0,2020-08-07 2:22PM EDT,35,,,
0.00,13.20,0.00,,"September 4, 2020",0,2020-08-06 3:59PM EDT,15,,,
0.00,18.00,0.00,,"September 4, 2020",0,2020-08-06 2:31PM EDT,1,,,
0.00,32.35,0.00,,"September 4, 2020",0,2020-07-30 9:30AM EDT,-,,,
0.00,23.31,0.00,,"September 4, 2020",0,2020-08-04 9:30AM EDT,1,,,
0.00,23.89,0.00,,"September 4, 2020",0,2020-08-06 3:25PM EDT,-,,,
0.00,0.81,0.00,,"September 18, 2020",0,2020-08-07 3:49PM EDT,"1,824",,,
0.00,1.12,0.00,,"September 18, 2020",0,2020-08-07 3:51PM EDT,522,,,
0.00,1.51,0.00,,"September 18, 2020",0,2020-08-07 3:59PM EDT,648,,,
0.00,2.04,0.00,,"September 18, 2020",0,2020-08-07 3:53PM EDT,826,,,
0.00,13.46,0.00,,"January 15, 2021",0,2020-08-07 3:31PM EDT,591,,,
0.00,15.48,0.00,,"January 15, 2021",0,2020-08-07 3:29PM EDT,245,,,
0.00,17.60,0.00,,"January 15, 2021",0,2020-08-07 3:29PM EDT,111,,,
0.00,19.72,0.00,,"January 15, 2021",0,2020-08-07 3:56PM EDT,90,,,
0.00,21.14,0.00,,"January 15, 2021",0,2020-08-07 11:59AM EDT,5,,,
0.00,25.15,0.00,,"January 15, 2021",0,2020-08-07 3:10PM EDT,12,,,
0.00,11.75,0.00,,"August 28, 2020",0,2020-08-07 3:10PM EDT,18,,,
0.00,11.57,0.00,,"August 28, 2020",0,2020-08-07 9:54AM EDT,2,,,
0.00,14.82,0.00,,"August 28, 2020",0,2020-08-06 11:03AM EDT,2,,,
0.00,15.37,0.00,,"August 28, 2020",0,2020-08-07 9:54AM EDT,2,,,
0.00,21.90,0.00,,"August 28, 2020",0,2020-08-03 9:30AM EDT,1,,,
0.00,0.30,0.00,,"August 21, 2020",0,2020-08-07 3:46PM EDT,160,,,
0.00,0.38,0.00,,"August 21, 2020",0,2020-08-07 3:57PM EDT,40,,,
0.00,0.47,0.00,,"August 21, 2020",0,2020-08-07 3:54PM EDT,356,,,
0.00,26.12,0.00,,"September 4, 2020",0,2020-08-06 3:25PM EDT,-,,,
0.00,75.15,0.00,,"September 4, 2020",0,2020-08-03 3:23PM EDT,8,,,
0.00,94.20,0.00,,"September 4, 2020",0,2020-07-31 11:10AM EDT,1,,,
0.00,85.10,0.00,,"September 4, 2020",0,2020-08-03 3:23PM EDT,9,,,
0.00,2.80,0.00,,"September 18, 2020",0,2020-08-07 3:59PM EDT,532,,,
0.00,3.78,0.00,,"September 18, 2020",0,2020-08-07 3:59PM EDT,383,,,
0.00,5.11,0.00,,"September 18, 2020",0,2020-08-07 3:59PM EDT,"1,279",,,
0.00,6.75,0.00,,"September 18, 2020",0,2020-08-07 3:58PM EDT,"2,090",,,
0.00,8.85,0.00,,"September 18, 2020",0,2020-08-07 3:57PM EDT,700,,,
0.00,11.35,0.00,,"September 18, 2020",0,2020-08-07 3:59PM EDT,655,,,
0.00,27.11,0.00,,"January 15, 2021",0,2020-08-06 12:03PM EDT,-,,,
0.00,30.00,0.00,,"January 15, 2021",0,2020-08-07 12:00PM EDT,1,,,
0.00,33.45,0.00,,"January 15, 2021",0,2020-08-06 12:03PM EDT,-,,,
0.00,35.58,0.00,,"January 15, 2021",0,2020-08-06 3:46PM EDT,4,,,
0.00,20.24,0.00,,"August 28, 2020",0,2020-08-03 9:43AM EDT,1,,,
0.00,21.79,0.00,,"August 28, 2020",0,2020-08-03 3:07PM EDT,6,,,
0.00,27.90,0.00,,"August 28, 2020",0,2020-08-06 12:19PM EDT,1,,,
0.00,92.95,0.00,,"August 28, 2020",0,2020-07-27 9:39AM EDT,-,,,
0.00,97.95,0.00,,"August 28, 2020",0,2020-07-27 9:39AM EDT,-,,,
0.00,0.62,0.00,,"August 21, 2020",0,2020-08-07 3:52PM EDT,186,,,
0.00,0.76,0.00,,"August 21, 2020",0,2020-08-07 3:56PM EDT,"1,057",,,
0.00,1.04,0.00,,"August 21, 2020",0,2020-08-07 3:59PM EDT,938,,,
0.00,1.33,0.00,,"August 21, 2020",0,2020-08-07 3:59PM EDT,"1,719",,,
0.00,1.86,0.00,,"August 21, 2020",0,2020-08-07 3:59PM EDT,358,,,
0.00,2.49,0.00,,"August 21, 2020",0,2020-08-07 3:59PM EDT,"2,710",,,
0.00,14.50,0.00,,"September 18, 2020",0,2020-08-07 3:19PM EDT,117,,,
0.00,17.32,0.00,,"September 18, 2020",0,2020-08-07 12:49PM EDT,5,,,
0.00,21.99,0.00,,"September 18, 2020",0,2020-08-07 2:04PM EDT,9,,,
0.00,26.05,0.00,,"September 18, 2020",0,2020-08-07 2:53PM EDT,35,,,
0.00,29.88,0.00,,"September 18, 2020",0,2020-08-07 3:55PM EDT,6,,,
0.00,31.68,0.00,,"September 18, 2020",0,2020-08-06 2:34PM EDT,7,,,
0.00,40.75,0.00,,"January 15, 2021",0,2020-08-06 12:03PM EDT,-,,,
0.00,44.59,0.00,,"January 15, 2021",0,2020-08-06 12:03PM EDT,3,,,
0.00,52.70,0.00,,"January 15, 2021",0,2020-08-06 12:03PM EDT,3,,,
0.00,60.70,0.00,,"January 15, 2021",0,2020-08-05 10:05AM EDT,1,,,
0.00,69.68,0.00,,"January 15, 2021",0,2020-08-05 10:05AM EDT,1,,,
0.00,3.25,0.00,,"August 21, 2020",0,2020-08-07 3:58PM EDT,354,,,
0.00,4.27,0.00,,"August 21, 2020",0,2020-08-07 3:57PM EDT,"1,188",,,
0.00,5.50,0.00,,"August 21, 2020",0,2020-08-07 3:59PM EDT,644,,,
0.00,6.90,0.00,,"August 21, 2020",0,2020-08-07 3:52PM EDT,717,,,
0.00,39.72,0.00,,"September 18, 2020",0,2020-08-07 3:10PM EDT,17,,,
0.00,42.45,0.00,,"September 18, 2020",0,2020-08-03 1:05PM EDT,1,,,
0.00,60.00,0.00,,"September 18, 2020",0,2020-07-30 10:45AM EDT,1,,,
0.00,52.78,0.00,,"September 18, 2020",0,2020-08-05 2:02PM EDT,-,,,
0.00,8.53,0.00,,"August 21, 2020",0,2020-08-07 3:59PM EDT,211,,,
0.00,10.42,0.00,,"August 21, 2020",0,2020-08-07 3:59PM EDT,96,,,
0.00,12.25,0.00,,"August 21, 2020",0,2020-08-07 3:50PM EDT,7,,,
0.00,14.50,0.00,,"August 21, 2020",0,2020-08-07 3:57PM EDT,20,,,
0.00,16.95,0.00,,"August 21, 2020",0,2020-08-07 1:44PM EDT,17,,,
0.00,18.88,0.00,,"August 21, 2020",0,2020-08-07 3:55PM EDT,4,,,
0.00,57.67,0.00,,"September 18, 2020",0,2020-08-05 2:02PM EDT,1,,,
0.00,91.00,0.00,,"September 18, 2020",0,2020-07-31 9:30AM EDT,1,,,
0.00,89.03,0.00,,"September 18, 2020",0,2020-08-07 3:00PM EDT,2,,,
0.00,23.98,0.00,,"August 21, 2020",0,2020-08-07 1:44PM EDT,1,,,
0.00,26.43,0.00,,"August 21, 2020",0,2020-08-07 10:18AM EDT,180,,,
0.00,39.40,0.00,,"August 21, 2020",0,2020-08-04 3:21PM EDT,1,,,
0.00,44.25,0.00,,"August 21, 2020",0,2020-08-04 3:24PM EDT,1,,,
0.00,49.70,0.00,,"August 21, 2020",0,2020-08-04 3:19PM EDT,2,,,
0.00,57.50,0.00,,"August 21, 2020",0,2020-08-03 10:27AM EDT,16,,,
0.00,76.59,0.00,,"August 21, 2020",0,2020-07-31 3:35PM EDT,1,,,
0.00,70.00,0.00,,"August 21, 2020",0,2020-08-06 3:25PM EDT,-,,,
0.00,86.00,0.00,,"August 21, 2020",0,2020-07-31 3:56PM EDT,9,,,
